-- MySQL dump 10.13  Distrib 5.5.40, for debian-linux-gnu (x86_64)
--
-- Host: localhost    Database: fanatics
-- ------------------------------------------------------
-- Server version	5.5.40-0ubuntu0.14.04.1

/*!40101 SET @OLD_CHARACTER_SET_CLIENT=@@CHARACTER_SET_CLIENT */;
/*!40101 SET @OLD_CHARACTER_SET_RESULTS=@@CHARACTER_SET_RESULTS */;
/*!40101 SET @OLD_COLLATION_CONNECTION=@@COLLATION_CONNECTION */;
/*!40101 SET NAMES utf8 */;
/*!40103 SET @OLD_TIME_ZONE=@@TIME_ZONE */;
/*!40103 SET TIME_ZONE='+00:00' */;
/*!40014 SET @OLD_UNIQUE_CHECKS=@@UNIQUE_CHECKS, UNIQUE_CHECKS=0 */;
/*!40014 SET @OLD_FOREIGN_KEY_CHECKS=@@FOREIGN_KEY_CHECKS, FOREIGN_KEY_CHECKS=0 */;
/*!40101 SET @OLD_SQL_MODE=@@SQL_MODE, SQL_MODE='NO_AUTO_VALUE_ON_ZERO' */;
/*!40111 SET @OLD_SQL_NOTES=@@SQL_NOTES, SQL_NOTES=0 */;

--
-- Table structure for table `assigned_roles`
--

DROP TABLE IF EXISTS `assigned_roles`;
/*!40101 SET @saved_cs_client     = @@character_set_client */;
/*!40101 SET character_set_client = utf8 */;
CREATE TABLE `assigned_roles` (
  `id` int(10) unsigned NOT NULL AUTO_INCREMENT,
  `user_id` int(10) unsigned NOT NULL,
  `role_id` int(10) unsigned NOT NULL,
  PRIMARY KEY (`id`),
  KEY `assigned_roles_user_id_index` (`user_id`),
  KEY `assigned_roles_role_id_index` (`role_id`),
  CONSTRAINT `assigned_roles_role_id_foreign` FOREIGN KEY (`role_id`) REFERENCES `roles` (`id`) ON DELETE CASCADE,
  CONSTRAINT `assigned_roles_user_id_foreign` FOREIGN KEY (`user_id`) REFERENCES `users` (`id`) ON DELETE CASCADE
) ENGINE=InnoDB AUTO_INCREMENT=19 DEFAULT CHARSET=utf8 COLLATE=utf8_unicode_ci;
/*!40101 SET character_set_client = @saved_cs_client */;

--
-- Dumping data for table `assigned_roles`
--

LOCK TABLES `assigned_roles` WRITE;
/*!40000 ALTER TABLE `assigned_roles` DISABLE KEYS */;
INSERT INTO `assigned_roles` VALUES (1,1,1),(2,2,1),(3,3,2),(4,11,2),(5,12,2),(6,10,2),(8,16,2),(9,17,2),(10,18,2),(11,19,2),(12,20,2),(13,21,2),(14,22,2),(15,23,2),(16,24,2),(17,25,2),(18,26,2);
/*!40000 ALTER TABLE `assigned_roles` ENABLE KEYS */;
UNLOCK TABLES;

--
-- Table structure for table `categories`
--

DROP TABLE IF EXISTS `categories`;
/*!40101 SET @saved_cs_client     = @@character_set_client */;
/*!40101 SET character_set_client = utf8 */;
CREATE TABLE `categories` (
  `id` int(10) unsigned NOT NULL AUTO_INCREMENT,
  `name` varchar(255) COLLATE utf8_unicode_ci NOT NULL,
  `slug` varchar(255) COLLATE utf8_unicode_ci NOT NULL,
  `created_at` timestamp NOT NULL DEFAULT '0000-00-00 00:00:00',
  `updated_at` timestamp NOT NULL DEFAULT '0000-00-00 00:00:00',
  PRIMARY KEY (`id`)
) ENGINE=InnoDB AUTO_INCREMENT=6 DEFAULT CHARSET=utf8 COLLATE=utf8_unicode_ci;
/*!40101 SET character_set_client = @saved_cs_client */;

--
-- Dumping data for table `categories`
--

LOCK TABLES `categories` WRITE;
/*!40000 ALTER TABLE `categories` DISABLE KEYS */;
INSERT INTO `categories` VALUES (1,'Fanatics Gaming Network','fgn','2014-10-28 00:42:24','2014-10-28 00:42:24'),(2,'Dragonball Z Collectible Card Game','dbz','2014-10-28 00:42:24','2014-10-28 00:42:24'),(3,'Star Wars: The Card Game','swlcg','2014-10-28 00:42:24','2014-10-28 00:42:24'),(4,'X-Wing Miniatures Game','xwing','2014-10-28 00:42:24','2014-10-28 00:42:24'),(5,'Warhammer 40K: Conquest','40k','2014-10-28 00:42:24','2014-10-28 00:42:24');
/*!40000 ALTER TABLE `categories` ENABLE KEYS */;
UNLOCK TABLES;

--
-- Table structure for table `comments`
--

DROP TABLE IF EXISTS `comments`;
/*!40101 SET @saved_cs_client     = @@character_set_client */;
/*!40101 SET character_set_client = utf8 */;
CREATE TABLE `comments` (
  `id` int(10) unsigned NOT NULL AUTO_INCREMENT,
  `user_id` int(10) unsigned NOT NULL,
  `post_id` int(10) unsigned NOT NULL,
  `content` text COLLATE utf8_unicode_ci NOT NULL,
  `created_at` timestamp NOT NULL DEFAULT '0000-00-00 00:00:00',
  `updated_at` timestamp NOT NULL DEFAULT '0000-00-00 00:00:00',
  PRIMARY KEY (`id`),
  KEY `comments_user_id_index` (`user_id`),
  KEY `comments_post_id_index` (`post_id`),
  CONSTRAINT `comments_post_id_foreign` FOREIGN KEY (`post_id`) REFERENCES `posts` (`id`) ON DELETE CASCADE,
  CONSTRAINT `comments_user_id_foreign` FOREIGN KEY (`user_id`) REFERENCES `users` (`id`) ON DELETE CASCADE
) ENGINE=InnoDB AUTO_INCREMENT=10 DEFAULT CHARSET=utf8 COLLATE=utf8_unicode_ci;
/*!40101 SET character_set_client = @saved_cs_client */;

--
-- Dumping data for table `comments`
--

LOCK TABLES `comments` WRITE;
/*!40000 ALTER TABLE `comments` DISABLE KEYS */;
INSERT INTO `comments` VALUES (1,1,2,'It has come to my attention via FaceBook that I\'m an idiot for removing Namekian Onslaught from the build early on, and I have to agree. Realistically the Namekian Energy Toss should be replaced with that almost immediately.','2014-10-28 08:01:30','2014-10-28 08:01:30'),(2,12,1,'W00t! Welcome back DbzFanatics!','2014-10-28 08:19:04','2014-10-28 08:19:04'),(3,1,1,'It\'s come to my attention that the system is not properly adding users to the comment group when they verify their accounts. I am working on a fix, but it will probably be the morning before I can implement it. In the meantime, Dez or myself can check the accounts and add the flags manually. One of the disadvantages of growing up is this stupid responsibility crap, and work requires the body to get proper rest.','2014-10-28 08:29:29','2014-10-28 08:29:29'),(4,1,1,'Update: problem with comments corrected.','2014-10-28 08:47:53','2014-10-28 08:47:53'),(5,16,2,'Wonderful Starting Place for the Piccolo deck.  I\'ve tried it as Gohan (apparently everyone is) and while good I never felt it was as consistent.  Either way I agree that the Onslaught should\'ve been added but it doesn\'t hurt to try other items.  Also I think someone mentioned on Facebook that confrontation would be a good card in here.  I like that you aren\'t including the Fusion despite how good it is as the DBs take up so much of your setup space.  Using the DBs as a resource with Piccolo feels correct.  I look forward to giving this a shot...just need 1 more overtime and 2 more planned attacks.','2014-10-28 18:42:03','2014-10-28 18:42:03'),(6,18,1,'A forum gold/currency would be awesome if possible. Nonetheless, this is the second best news I\'ve heard this year, after the announcement of the game ofc.','2014-10-29 08:59:23','2014-10-29 08:59:23'),(7,1,1,'Not sure I follow exactly what you want for forum gold/currency. Care to explain a bit further?','2014-10-30 18:48:03','2014-10-30 18:48:03'),(8,18,1,'Kinda like bitcoin or forum points but not something that is mined or earned, usually the only way to get it into circulation would be through a form of donation then people can use it as a trade or service currency. I don\'t think SMF has plugins for something like that, it\'s usually coded into forums. More of just something I\'ve dreamed of integrating into gaming websites. Would need moderated a bit and people would probably need to earn a good reputation to use it for more than for virtual services. (Creating Photoshop sigs, etc.)','2014-11-02 11:07:30','2014-11-02 11:07:30'),(9,1,1,'I will look into it. We\'re gonna be switching over to Vanilla instead of SMF since I can integrate it with the site better, and it\'s got a great development community.','2014-11-03 04:46:19','2014-11-03 04:46:19');
/*!40000 ALTER TABLE `comments` ENABLE KEYS */;
UNLOCK TABLES;

--
-- Table structure for table `dbzalignments`
--

DROP TABLE IF EXISTS `dbzalignments`;
/*!40101 SET @saved_cs_client     = @@character_set_client */;
/*!40101 SET character_set_client = utf8 */;
CREATE TABLE `dbzalignments` (
  `id` int(10) unsigned NOT NULL AUTO_INCREMENT,
  `title` varchar(255) COLLATE utf8_unicode_ci NOT NULL,
  `created_at` timestamp NOT NULL DEFAULT '0000-00-00 00:00:00',
  `updated_at` timestamp NOT NULL DEFAULT '0000-00-00 00:00:00',
  PRIMARY KEY (`id`)
) ENGINE=InnoDB AUTO_INCREMENT=3 DEFAULT CHARSET=utf8 COLLATE=utf8_unicode_ci;
/*!40101 SET character_set_client = @saved_cs_client */;

--
-- Dumping data for table `dbzalignments`
--

LOCK TABLES `dbzalignments` WRITE;
/*!40000 ALTER TABLE `dbzalignments` DISABLE KEYS */;
INSERT INTO `dbzalignments` VALUES (1,'Hero','2014-11-04 16:37:42','2014-11-04 16:37:42'),(2,'Villain','2014-11-04 16:37:42','2014-11-04 16:37:42');
/*!40000 ALTER TABLE `dbzalignments` ENABLE KEYS */;
UNLOCK TABLES;

--
-- Table structure for table `dbzcards`
--

DROP TABLE IF EXISTS `dbzcards`;
/*!40101 SET @saved_cs_client     = @@character_set_client */;
/*!40101 SET character_set_client = utf8 */;
CREATE TABLE `dbzcards` (
  `id` int(10) unsigned NOT NULL AUTO_INCREMENT,
  `title` varchar(255) COLLATE utf8_unicode_ci NOT NULL,
  `content` text COLLATE utf8_unicode_ci,
  `set_id` int(10) unsigned DEFAULT NULL,
  `style_id` int(10) unsigned DEFAULT NULL,
  `type_id` int(10) unsigned DEFAULT NULL,
  `number` int(10) unsigned DEFAULT NULL,
  `rarity_id` int(10) unsigned DEFAULT NULL,
  `alignment_id` int(10) unsigned DEFAULT NULL,
  `personality_id` int(10) unsigned DEFAULT NULL,
  `level_id` int(10) unsigned DEFAULT NULL,
  `pur` int(11) DEFAULT NULL,
  `stage0` bigint(20) unsigned DEFAULT NULL,
  `stage1` bigint(20) unsigned DEFAULT NULL,
  `stage2` bigint(20) unsigned DEFAULT NULL,
  `stage3` bigint(20) unsigned DEFAULT NULL,
  `stage4` bigint(20) unsigned DEFAULT NULL,
  `stage5` bigint(20) unsigned DEFAULT NULL,
  `stage6` bigint(20) unsigned DEFAULT NULL,
  `stage7` bigint(20) unsigned DEFAULT NULL,
  `stage8` bigint(20) unsigned DEFAULT NULL,
  `stage9` bigint(20) unsigned DEFAULT NULL,
  `stage10` bigint(20) unsigned DEFAULT NULL,
  `created_at` timestamp NOT NULL DEFAULT '0000-00-00 00:00:00',
  `updated_at` timestamp NOT NULL DEFAULT '0000-00-00 00:00:00',
  PRIMARY KEY (`id`),
  KEY `dbzcards_set_id_index` (`set_id`),
  KEY `dbzcards_style_id_index` (`style_id`),
  KEY `dbzcards_type_id_index` (`type_id`),
  KEY `dbzcards_rarity_id_index` (`rarity_id`),
  KEY `dbzcards_alignment_id_index` (`alignment_id`),
  KEY `dbzcards_personality_id_index` (`personality_id`),
  KEY `dbzcards_level_id_index` (`level_id`),
  CONSTRAINT `dbzcards_personality_id_foreign` FOREIGN KEY (`personality_id`) REFERENCES `dbzpersonalities` (`id`) ON DELETE CASCADE,
  CONSTRAINT `dbzcards_alignment_id_foreign` FOREIGN KEY (`alignment_id`) REFERENCES `dbzalignments` (`id`) ON DELETE CASCADE,
  CONSTRAINT `dbzcards_level_id_foreign` FOREIGN KEY (`level_id`) REFERENCES `dbzlevels` (`id`) ON DELETE CASCADE,
  CONSTRAINT `dbzcards_rarity_id_foreign` FOREIGN KEY (`rarity_id`) REFERENCES `dbzrarity` (`id`) ON DELETE CASCADE,
  CONSTRAINT `dbzcards_set_id_foreign` FOREIGN KEY (`set_id`) REFERENCES `dbzsets` (`id`) ON DELETE CASCADE,
  CONSTRAINT `dbzcards_style_id_foreign` FOREIGN KEY (`style_id`) REFERENCES `dbzstyles` (`id`) ON DELETE CASCADE,
  CONSTRAINT `dbzcards_type_id_foreign` FOREIGN KEY (`type_id`) REFERENCES `dbztypes` (`id`) ON DELETE CASCADE
) ENGINE=InnoDB AUTO_INCREMENT=336 DEFAULT CHARSET=utf8 COLLATE=utf8_unicode_ci;
/*!40101 SET character_set_client = @saved_cs_client */;

--
-- Dumping data for table `dbzcards`
--

LOCK TABLES `dbzcards` WRITE;
/*!40000 ALTER TABLE `dbzcards` DISABLE KEYS */;
INSERT INTO `dbzcards` VALUES (1,'Vegeta - Prince of Saiyans','CONSTANT:  Your attacks gain \"HIT:  Raise your anger 1 level.\"',1,NULL,8,1,5,2,5,1,2,0,250,500,1000,2000,3000,4000,5000,6000,8000,10000,'2014-11-04 16:37:42','2014-11-04 16:37:42'),(2,'Vegeta - Villainous','POWER:  Physical attack.  DAMAGE:  4 stages.  HIT:  Your attacks that raise your anger level deal +1 stage and +1 life card of damage this combat.',1,NULL,8,2,5,2,5,2,3,0,500,1000,2000,3000,4000,5000,10000,15000,20000,25000,'2014-11-04 16:37:42','2014-11-04 16:37:42'),(3,'Vegeta - Empowered','CONSTANT:  Your attacks that raise your anger deal +3 power stages and +3 life cards of damage.',1,NULL,8,3,5,2,5,3,4,0,500,1000,5000,10000,25000,50000,75000,100000,125000,150000,'2014-11-04 16:37:42','2014-11-04 16:37:42'),(4,'Vegeta - Renewed','POWER:  Physical attack.  DAMAGE:  AT +6 stages.  Lower your anger 1 level to draw a card.',1,NULL,8,4,5,2,5,4,5,0,1000,10000,100000,200000,300000,400000,500000,600000,700000,800000,'2014-11-04 16:37:42','2014-11-04 16:37:42'),(5,'Goku - Protector of Earth','POWER:  Energy attack costing 2 stages.  DAMAGE:  3 life cards.  HIT:  You may discard a card from your hand to search your Life Deck for a Styled Drill and place it into play.',1,NULL,8,5,5,1,1,1,2,0,500,1000,2000,3000,4000,5000,6000,7000,8000,9001,'2014-11-04 16:37:42','2014-11-04 16:37:42'),(6,'Goku - Kaio-Ken Enhanced','CONSTANT:  At the end of each combat, you may lower your MP a personality level and you may search your Life Deck or discard pile for a Drill and place it into play.',1,NULL,8,6,5,1,1,2,3,0,500,1000,5000,9000,13000,17000,21000,25000,29000,33000,'2014-11-04 16:37:42','2014-11-04 16:37:42'),(7,'Goku - Energy Gatherer','POWER:  Energy attack costing 2 stages.  DAMAGE:  5 life cards.  You may choose a Drill or Setup in your discard pile and place it into play.  HIT:  Rejuvenate up to 5 Drills from your discard pile.',1,NULL,8,7,5,1,1,3,4,0,50000,100000,200000,300000,400000,500000,600000,700000,800000,900000,'2014-11-04 16:37:42','2014-11-04 16:37:42'),(8,'Goku - Super Saiyan','POWER:  Search your Life Deck, discard pile, and Banished Zone for a total of 5 Drills and place them into play.',1,NULL,8,8,5,1,1,4,5,0,100000,200000,400000,600000,800000,1000000,1200000,1350000,1500000,1650000,'2014-11-04 16:37:42','2014-11-04 16:37:42'),(9,'Gohan - Resilient Child','CONSTANT:  When you perform a Styled attack, you may destroy up to 2 cards from the top of your Life Deck.  That attack deals +X life cards.  X = the number of cards destroyed.',1,NULL,8,9,5,1,2,1,2,0,200,400,600,800,1000,1500,2000,2500,3000,3500,'2014-11-04 16:37:42','2014-11-04 16:37:42'),(10,'Gohan - Young Warrior','CONSTANT:  Your Styled attacks deal +2 life cards of damage.  When you deal critical damage, you may Rejuvenate 1.',1,NULL,8,10,5,1,2,2,3,0,1000,2000,4000,6000,8000,10000,12000,14000,16000,18000,'2014-11-04 16:37:42','2014-11-04 16:37:42'),(11,'Gohan - Determined','POWER:  Physical attack.  DAMAGE:  6 stages.  You may lower your anger any amount.  This attack deals +X life cards.  X = 2 times the amount lowered.',1,NULL,8,11,5,1,2,3,4,0,750,7500,75000,100000,150000,200000,250000,300000,350000,400000,'2014-11-04 16:37:42','2014-11-04 16:37:42'),(12,'Gohan - Armored','CONSTANT:  Your Styled attacks deal +3 life cards of damage.  When one of your effects raises your anger, you may shuffle 1 card with \"anger\" in the text box from your discard pile into your Life Deck.',1,NULL,8,12,5,1,2,4,5,0,500,5000,50000,125000,200000,225000,300000,375000,450000,525000,'2014-11-04 16:37:42','2014-11-04 16:37:42'),(13,'Krillin - Ready','POWER:  Energy attack costing 2 stages.  DAMAGE:  4 life cards.  The next time a card is discarded from a hand this combat, use a critical damage effect and raise your anger 2 levels.',1,NULL,8,13,5,1,3,1,3,0,400,800,1200,1600,2000,2400,2800,3200,3600,4000,'2014-11-04 16:37:42','2014-11-04 16:37:42'),(14,'Krillin - Energetic','POWER:  Energy attack costing 3 stages.  DAMAGE:  4 life cards.  HIT:  Your opponent discards a card from his hand.',1,NULL,8,14,5,1,3,2,4,0,3000,5000,7000,9000,11000,13000,15000,17000,19000,21000,'2014-11-04 16:37:42','2014-11-04 16:37:42'),(15,'Krillin - Ready for Battle','POWER:  Energy attack costing 2 stages.  DAMAGE:  9 - X life cards.  X = the number of cards in your opponent\'s hand.',1,NULL,8,15,5,1,3,3,5,0,1000,5000,10000,25000,50000,75000,150000,225000,300000,375000,'2014-11-04 16:37:42','2014-11-04 16:37:42'),(16,'Krillin - Enraged','CONSTANT:  Your first Styled attack each turn cannot be stopped.',1,NULL,8,16,5,1,3,4,6,0,1000,10000,25000,50000,75000,10000,20000,30000,40000,50000,'2014-11-04 16:37:42','2014-11-04 16:37:42'),(17,'Frieza - Tyrant','CONSTANT:  When you stop an attack, you may raise your anger 1 level.',1,NULL,8,17,5,2,6,1,2,0,450,900,4500,9000,19000,34000,49000,64000,79000,94000,'2014-11-04 16:37:42','2014-11-04 16:37:42'),(18,'Frieza - Transformed','POWER:  Discard a card from your hand to perform the last attack your opponent used this combat.  That attack deals an additional +2 stages of damage.',1,NULL,8,18,5,2,6,2,3,0,900,9000,19000,39000,59000,79000,99000,199000,399000,599000,'2014-11-04 16:37:42','2014-11-04 16:37:42'),(19,'Frieza - Galactic Conquerer','CONSTANT:  Your attacks deal +3 stages of damage and you may also use your Level 1 CONSTANT powers.',1,NULL,8,19,5,2,6,3,4,0,1000,5000,10000,25000,50000,100000,200000,400000,700000,1000000,'2014-11-04 16:37:42','2014-11-04 16:37:42'),(20,'Frieza - Revived','POWER:  Destroy the top 4 cards of your opponent\'s Life Deck.  Search your Life Deck for a Frieza Named card and place it in your hand.  CONSTANT:  You may also use your Level 2 Powers.',1,NULL,8,20,5,2,6,4,5,0,25000,50000,100000,200000,400000,600000,800000,1000000,1200000,1400000,'2014-11-04 16:37:42','2014-11-04 16:37:42'),(21,'Piccolo - Stoic','POWER:  Energy attack costing 1 stage.  DAMAGE:  3 life cards.  Rejuvenate 1.',1,NULL,8,21,5,1,4,1,3,0,900,1100,1300,1700,2200,3500,4500,5500,7000,8500,'2014-11-04 16:37:42','2014-11-04 16:37:42'),(22,'Piccolo - Combat Stance','POWER:  Discard a card from your hand to Rejuvenate 2 and your opponent destroys the top 2 cards of his Life Deck.  If you discarded a Styled card, you may draw a card and use a critical damage effect.',1,NULL,8,22,5,1,4,2,3,0,500,1000,2000,5000,8000,11000,14000,17000,20000,23000,'2014-11-04 16:37:42','2014-11-04 16:37:42'),(23,'Piccolo - Unleashed','CONSTANT:  All of your attacks deal +2 life cards of damage.  Once per Combat when you deal critical damage, you may search your Life Deck for a Dragon Ball and put it into play.',1,NULL,8,23,5,1,4,3,4,0,1000,10000,50000,100000,150000,200000,300000,400000,500000,600000,'2014-11-04 16:37:42','2014-11-04 16:37:42'),(24,'Piccolo - Fused','CONSTANT:  Your opponent needs to deal 7 or more life cards to activate critical damage.  POWER:  Energy attack costing 2 stages.  DAMAGE:  7 life cards.  HIT:  Rejuvenate X.  X = the  number of Dragon Balls in play.',1,NULL,8,24,5,1,4,4,5,0,5000,50000,100000,150000,250000,350000,450000,550000,650000,750000,'2014-11-04 16:37:42','2014-11-04 16:37:42'),(25,'Saiyan Empowered Mastery','CONSTANT:  You cannot win by MPPV.  All of your Saiyan Style attacks gain, \"Raise your anger 1 level.  HIT:  Gain 3 power stages.\"  Whenever you Rejuvenate a Saiyan Style card, raise your anger 1 level.',1,6,9,25,5,NULL,NULL,NULL,NULL,NULL,NULL,NULL,NULL,NULL,NULL,NULL,NULL,NULL,NULL,NULL,'2014-11-04 16:37:42','2014-11-04 16:37:42'),(26,'Orange Adaptive Mastery','CONSTANT:  Your Drills are not discarded when you advance or lower a personality level.  Your energy attacks deal +1 life card of damage.  At the end of any combat in which you used a critical damage effect, search your discard pile for a Styled Drill and place it into play.',1,4,9,26,5,NULL,NULL,NULL,NULL,NULL,NULL,NULL,NULL,NULL,NULL,NULL,NULL,NULL,NULL,NULL,'2014-11-04 16:37:42','2014-11-04 16:37:42'),(27,'Red Enraged Mastery','CONSTANT:  Whenever you use a critical damage effect, raise your anger 1 level.  Whenever you advance a personality level, draw a card and then discard a card from your hand.  Whenever you lower a personality level, you may draw a card.',1,5,9,27,5,NULL,NULL,NULL,NULL,NULL,NULL,NULL,NULL,NULL,NULL,NULL,NULL,NULL,NULL,NULL,'2014-11-04 16:37:42','2014-11-04 16:37:42'),(28,'Black Devious Mastery','CONSTANT:  All of your attacks deal +1 power stage and +1 life card of damage.  POWER:  Discard a card from your hand to banish the bottom 2 cards of your opponent\'s discard pile.  If you discarded a Styled card, your opponent discards a card from his hand.',1,1,9,28,5,NULL,NULL,NULL,NULL,NULL,NULL,NULL,NULL,NULL,NULL,NULL,NULL,NULL,NULL,NULL,'2014-11-04 16:37:42','2014-11-04 16:37:42'),(29,'Blue Protective Mastery','CONSTANT:  Your opponent needs 6 anger to advance a personality level.  POWER:  You may discard a Physical Combat card from your hand to stop an energy attack or an Energy Combat card to stop a physical attack.  If you discarded a Blue card, you may raise or lower a player\'s anger 1 level.',1,2,9,29,5,NULL,NULL,NULL,NULL,NULL,NULL,NULL,NULL,NULL,NULL,NULL,NULL,NULL,NULL,NULL,'2014-11-04 16:37:42','2014-11-04 16:37:42'),(30,'Namekian Knowledge Mastery','CONSTANT:  Whenever you Rejuvenate or shuffle cards into your Life Deck, raise your anger 1 level.  Whenever a Dragon Ball enters play, your opponent destroys the top card of his Life Deck.  While you control 1 Dragon Ball, it cannot be captured by a critical damage effect.',1,3,9,30,5,NULL,NULL,NULL,NULL,NULL,NULL,NULL,NULL,NULL,NULL,NULL,NULL,NULL,NULL,NULL,'2014-11-04 16:37:42','2014-11-04 16:37:42'),(31,'Black Power Up','POWER:  Raise a personality to its highest power stage.  You may end combat.',1,1,4,31,5,NULL,NULL,NULL,NULL,NULL,NULL,NULL,NULL,NULL,NULL,NULL,NULL,NULL,NULL,NULL,'2014-11-04 16:37:42','2014-11-04 16:37:42'),(32,'Blue Stretch Kick','POWER:  Physical attack.  DAMAGE:  AT +5 stages.  Raise your anger 1 level.',1,2,4,32,5,NULL,NULL,NULL,NULL,NULL,NULL,NULL,NULL,NULL,NULL,NULL,NULL,NULL,NULL,NULL,'2014-11-04 16:37:42','2014-11-04 16:37:42'),(33,'Namekian Concentration','(Banish after use.)  POWER:  Use at the beginning of your Rejuvenation Step if you did not declare combat.  Rejuvenate 4.',1,3,4,33,5,NULL,NULL,NULL,NULL,NULL,NULL,NULL,NULL,NULL,NULL,NULL,NULL,NULL,NULL,NULL,'2014-11-04 16:37:42','2014-11-04 16:37:42'),(34,'Orange Energy Gathering','POWER:  Your MP gains 7 stages.  Rejuvenate 2.',1,4,4,34,5,NULL,NULL,NULL,NULL,NULL,NULL,NULL,NULL,NULL,NULL,NULL,NULL,NULL,NULL,NULL,'2014-11-04 16:37:42','2014-11-04 16:37:42'),(35,'Red Burning Rage','POWER:  Raise your anger 1 level.  Your attacks deal +1 life card of damage and your opponent cannot use Endurance this combat.',1,5,4,35,5,NULL,NULL,NULL,NULL,NULL,NULL,NULL,NULL,NULL,NULL,NULL,NULL,NULL,NULL,NULL,'2014-11-04 16:37:42','2014-11-04 16:37:42'),(36,'Saiyan Offensive Rush','POWER:  Your MP loses 4 stages.  Your attacks deal +3 life cards of damage this combat.',1,6,4,36,5,NULL,NULL,NULL,NULL,NULL,NULL,NULL,NULL,NULL,NULL,NULL,NULL,NULL,NULL,NULL,'2014-11-04 16:37:42','2014-11-04 16:37:42'),(37,'Black Targeting Drill','CONSTANT:  Whenever your opponent discards a card from his hand, the cards are chosen at random.  Your opponent\'s physical attacks cost +1 stage to perform.',1,1,3,37,5,NULL,NULL,NULL,NULL,NULL,NULL,NULL,NULL,NULL,NULL,NULL,NULL,NULL,NULL,NULL,'2014-11-04 16:37:42','2014-11-04 16:37:42'),(38,'Blue Mental Drill','ENDURANCE 2.  CONSTANT:  Your opponent plays with his hand revealed.',1,2,3,38,5,NULL,NULL,NULL,NULL,NULL,NULL,NULL,NULL,NULL,NULL,NULL,NULL,NULL,NULL,NULL,'2014-11-04 16:37:42','2014-11-04 16:37:42'),(39,'Namekian Combat Drill','CONSTANT:  After taking damage from an attack, your MP gains X stages.  X = the number of life cards that attack dealt.',1,3,3,39,5,NULL,NULL,NULL,NULL,NULL,NULL,NULL,NULL,NULL,NULL,NULL,NULL,NULL,NULL,NULL,'2014-11-04 16:37:42','2014-11-04 16:37:42'),(40,'Orange Devouring Drill','(You cannot win by MPPV if you use this Drill\'s effect.  Banish after use.)  CONSTANT:  When you play a Drill, you may banish this card.  If you do, advance a personality level.',1,4,3,40,5,NULL,NULL,NULL,NULL,NULL,NULL,NULL,NULL,NULL,NULL,NULL,NULL,NULL,NULL,NULL,'2014-11-04 16:37:42','2014-11-04 16:37:42'),(41,'Orange Energy Dan Drill','CONSTANT:  Once per turn after you perform a successful energy attack, you may search your opponent\'s Life Deck for a card and destroy it.',1,4,3,41,5,NULL,NULL,NULL,NULL,NULL,NULL,NULL,NULL,NULL,NULL,NULL,NULL,NULL,NULL,NULL,'2014-11-04 16:37:42','2014-11-04 16:37:42'),(42,'Orange Steady Drill','(Use only if your opponent has not performed a successful energy attack this combat.)  POWER:  Stops an energy attack.',1,4,3,42,5,NULL,NULL,NULL,NULL,NULL,NULL,NULL,NULL,NULL,NULL,NULL,NULL,NULL,NULL,NULL,'2014-11-04 16:37:42','2014-11-04 16:37:42'),(43,'Red Tactical Drill','CONSTANT:  Your opponent\'s effects cannot lower your anger.',1,5,3,43,5,NULL,NULL,NULL,NULL,NULL,NULL,NULL,NULL,NULL,NULL,NULL,NULL,NULL,NULL,NULL,'2014-11-04 16:37:42','2014-11-04 16:37:42'),(44,'Saiyan Retalliation Drill','CONSTANT:  Each time you take damage in a combat, your attacks deal +1 stage of damage for that combat.',1,6,3,44,5,NULL,NULL,NULL,NULL,NULL,NULL,NULL,NULL,NULL,NULL,NULL,NULL,NULL,NULL,NULL,'2014-11-04 16:37:42','2014-11-04 16:37:42'),(45,'Black Command','(If this card is discarded from your hand, raise your anger 2 levels and shuffle this card into your Life Deck.)  ENDURANCE 1.  POWER:  Banish the top 5 cards of your opponent\'s discard pile.  If less than 5 cards are banished, your opponent destroys the top 3 cards of his Life Deck.',1,1,5,45,5,NULL,NULL,NULL,NULL,NULL,NULL,NULL,NULL,NULL,NULL,NULL,NULL,NULL,NULL,NULL,'2014-11-04 16:37:42','2014-11-04 16:37:42'),(46,'Blue Reprimand','ENDURANCE 2.  POWER:  Return a Setup, Drill, or Dragon Ball in play to its owner\'s hand.',1,2,5,46,5,NULL,NULL,NULL,NULL,NULL,NULL,NULL,NULL,NULL,NULL,NULL,NULL,NULL,NULL,NULL,'2014-11-04 16:37:42','2014-11-04 16:37:42'),(47,'Namekian Silencing','(If this card is Rejuvenated, your Dragon Balls cannot be captured this combat.)  POWER:  Your opponent may not play Events this combat.',1,3,5,47,5,NULL,NULL,NULL,NULL,NULL,NULL,NULL,NULL,NULL,NULL,NULL,NULL,NULL,NULL,NULL,'2014-11-04 16:37:42','2014-11-04 16:37:42'),(48,'Orange Excavation','(Banish after use.)  POWER:  Rejuvenate 3 Drills from your discard pile.  Draw the bottom card of your discard pile.',1,4,5,48,5,NULL,NULL,NULL,NULL,NULL,NULL,NULL,NULL,NULL,NULL,NULL,NULL,NULL,NULL,NULL,'2014-11-04 16:37:42','2014-11-04 16:37:42'),(49,'Red Blazing Aura','(Banish after use.)  POWER:  Raise your anger 1 level.  For the remainder of combat, your opponent\'s attacks deal -3 stages and -3 life cards of damage.',1,5,5,49,5,NULL,NULL,NULL,NULL,NULL,NULL,NULL,NULL,NULL,NULL,NULL,NULL,NULL,NULL,NULL,'2014-11-04 16:37:42','2014-11-04 16:37:42'),(50,'Saiyan Prelude','(Banish after use.)  POWER:  Your MP gains 5 stages.  Your next attack this combat deals +5 stages of damage.',1,6,5,50,5,NULL,NULL,NULL,NULL,NULL,NULL,NULL,NULL,NULL,NULL,NULL,NULL,NULL,NULL,NULL,'2014-11-04 16:37:42','2014-11-04 16:37:42'),(51,'Black Lightning Storm','Energy attack costing 2 stages.  DAMAGE:  6 life cards.  HIT:  Your opponent plays with his hand revealed until the start of your next turn.',1,1,6,51,5,NULL,NULL,NULL,NULL,NULL,NULL,NULL,NULL,NULL,NULL,NULL,NULL,NULL,NULL,NULL,'2014-11-04 16:37:42','2014-11-04 16:37:42'),(52,'Black Capture','Energy attack costing 3 stages.  DAMAGE:  5 life cards.  HIT:  Attach this card to your opponent\'s MP.  At the beginning of each turn, your opponent banishes the top card of his Life Deck.  Banish this card when your opponent deals critical damage.',1,1,6,52,5,NULL,NULL,NULL,NULL,NULL,NULL,NULL,NULL,NULL,NULL,NULL,NULL,NULL,NULL,NULL,'2014-11-04 16:37:42','2014-11-04 16:37:42'),(53,'Blue Arm Blast','(You may play this card to stop a physical attack instead of as an attack.)  Energy attack costing 2 stages.  DAMAGE:  5 life cards.',1,2,6,53,5,NULL,NULL,NULL,NULL,NULL,NULL,NULL,NULL,NULL,NULL,NULL,NULL,NULL,NULL,NULL,'2014-11-04 16:37:42','2014-11-04 16:37:42'),(54,'Blue Energy Overload','(If this card is discarded from your hand by a card effect, put the top Physical Combat card from your discard pile at the bottom of your Life Deck.)  Energy attack costing 2 stages.  DAMAGE:  5 life cards.',1,2,6,54,5,NULL,NULL,NULL,NULL,NULL,NULL,NULL,NULL,NULL,NULL,NULL,NULL,NULL,NULL,NULL,'2014-11-04 16:37:42','2014-11-04 16:37:42'),(55,'Namekian Overhead Blast','(If you banish this card for Endurance, your Dragon Balls cannot be captured this combat.)  ENDURANCE 1.  Energy attack costing 2 stages.  DAMAGE:  4 life cards.  HIT:  Rejuvenate X.  X = your MP\'s level.',1,3,6,55,5,NULL,NULL,NULL,NULL,NULL,NULL,NULL,NULL,NULL,NULL,NULL,NULL,NULL,NULL,NULL,'2014-11-04 16:37:42','2014-11-04 16:37:42'),(56,'Namekian Focused Beams','(Banish after use.)  Energy attack costing 2 stages.  DAMAGE:  5 life cards.  If this attack is stopped, Banish the bottom 2 cards of your discard pile.  HIT:  Rejuvenate 3.',1,3,6,56,5,NULL,NULL,NULL,NULL,NULL,NULL,NULL,NULL,NULL,NULL,NULL,NULL,NULL,NULL,NULL,'2014-11-04 16:37:42','2014-11-04 16:37:42'),(57,'Orange Palm Blasts','Energy attack costing 2 stages.  DAMAGE:  4 life cards.  Your opponent cannot perform an energy attack in his next action.',1,4,6,57,5,NULL,NULL,NULL,NULL,NULL,NULL,NULL,NULL,NULL,NULL,NULL,NULL,NULL,NULL,NULL,'2014-11-04 16:37:42','2014-11-04 16:37:42'),(58,'Orange Rage','ENDURANCE 1.  Energy attack costing 2 stages.  DAMAGE:  5 life cards.  Raise your anger 2 levels.',1,4,6,58,5,NULL,NULL,NULL,NULL,NULL,NULL,NULL,NULL,NULL,NULL,NULL,NULL,NULL,NULL,NULL,'2014-11-04 16:37:42','2014-11-04 16:37:42'),(59,'Red Heating Beams','ENDURANCE 1.  Energy attack costing 1 stages.  DAMAGE:  3 life cards.  You may lower your anger 1 level to draw a card.',1,5,6,59,5,NULL,NULL,NULL,NULL,NULL,NULL,NULL,NULL,NULL,NULL,NULL,NULL,NULL,NULL,NULL,'2014-11-04 16:37:42','2014-11-04 16:37:42'),(60,'Red Energy Blast','Energy attack costing 2 stages.  DAMAGE:  4 life cards.  Raise your anger 1 level.  Banish a Drill or Ally.',1,5,6,60,5,NULL,NULL,NULL,NULL,NULL,NULL,NULL,NULL,NULL,NULL,NULL,NULL,NULL,NULL,NULL,'2014-11-04 16:37:42','2014-11-04 16:37:42'),(61,'Red Energy Outburst','Energy attack costing 2 stages.  DAMAGE:  4 life cards.  HIT:  If you have dealt critical damage this combat, raise your anger 2 levels.',1,5,6,61,5,NULL,NULL,NULL,NULL,NULL,NULL,NULL,NULL,NULL,NULL,NULL,NULL,NULL,NULL,NULL,'2014-11-04 16:37:42','2014-11-04 16:37:42'),(62,'Saiyan Triangle Beams','Energy attack costing 2 stages.  DAMAGE:  5 life cards.  If you deal critical damage with this attack, you may use two different critical effects instead of one.',1,6,6,62,5,NULL,NULL,NULL,NULL,NULL,NULL,NULL,NULL,NULL,NULL,NULL,NULL,NULL,NULL,NULL,'2014-11-04 16:37:42','2014-11-04 16:37:42'),(63,'Saiyan Energy Rupture','Energy attack costing 2 stages.  DAMAGE:  3 +AT life cards.  Lower your opponent\'s anger 2 levels.',1,6,6,63,5,NULL,NULL,NULL,NULL,NULL,NULL,NULL,NULL,NULL,NULL,NULL,NULL,NULL,NULL,NULL,'2014-11-04 16:37:42','2014-11-04 16:37:42'),(64,'Black Swipe','ENDURANCE 2.  Stops an energy attack.  Banish 3 cards from your opponent\'s discard pile.',1,1,6,64,5,NULL,NULL,NULL,NULL,NULL,NULL,NULL,NULL,NULL,NULL,NULL,NULL,NULL,NULL,NULL,'2014-11-04 16:37:42','2014-11-04 16:37:42'),(65,'Blue Guard','(If this card is discarded from your hand by a card effect, you may banish it instead to draw a card.)  Stops an energy attack.',1,2,6,65,5,NULL,NULL,NULL,NULL,NULL,NULL,NULL,NULL,NULL,NULL,NULL,NULL,NULL,NULL,NULL,'2014-11-04 16:37:42','2014-11-04 16:37:42'),(66,'Blue Avoidance','Stops an energy attack.  You may discard a card from your hand to perform a copy of that attack for your next action.',1,2,6,66,5,NULL,NULL,NULL,NULL,NULL,NULL,NULL,NULL,NULL,NULL,NULL,NULL,NULL,NULL,NULL,'2014-11-04 16:37:42','2014-11-04 16:37:42'),(67,'Namekian Crossed Guard','(If this card is Rejuvenated, place a Styled Drill from your discard pile into play.)  ENDURANCE 1.  Stops an energy attack.',1,3,6,67,5,NULL,NULL,NULL,NULL,NULL,NULL,NULL,NULL,NULL,NULL,NULL,NULL,NULL,NULL,NULL,'2014-11-04 16:37:42','2014-11-04 16:37:42'),(68,'Orange Energy Evasion','Stops an energy attack.  Rejuvenate a Drill from your discard pile to gain 4 stages.',1,4,6,68,5,NULL,NULL,NULL,NULL,NULL,NULL,NULL,NULL,NULL,NULL,NULL,NULL,NULL,NULL,NULL,'2014-11-04 16:37:42','2014-11-04 16:37:42'),(69,'Red Energy Defensive Stance','ENDURANCE 2.  Stops an energy attack.  Raise your anger 1 level.',1,5,6,69,5,NULL,NULL,NULL,NULL,NULL,NULL,NULL,NULL,NULL,NULL,NULL,NULL,NULL,NULL,NULL,'2014-11-04 16:37:42','2014-11-04 16:37:42'),(70,'Saiyan Focus','Stops an energy attack.  If the bottom card of your discard pile is a Styled card, your opponent\'s MP loses 4 stages, to a minimum of 0.',1,6,6,70,5,NULL,NULL,NULL,NULL,NULL,NULL,NULL,NULL,NULL,NULL,NULL,NULL,NULL,NULL,NULL,'2014-11-04 16:37:42','2014-11-04 16:37:42'),(71,'Black Defensive Burst','Physical attack.  DAMAGE:  4 life cards.  HIT:  Your opponent cannot perform physical attacks for the remainder of combat.',1,7,1,71,5,NULL,NULL,NULL,NULL,NULL,NULL,NULL,NULL,NULL,NULL,NULL,NULL,NULL,NULL,NULL,'2014-11-04 16:37:42','2014-11-04 16:37:42'),(72,'Black Entanglement','Physical attack.  DAMAGE:  AT +4 stages.  HIT:  Your opponent reveals his hand and banishes any Setups or Drills in his hand.',1,1,7,72,5,NULL,NULL,NULL,NULL,NULL,NULL,NULL,NULL,NULL,NULL,NULL,NULL,NULL,NULL,NULL,'2014-11-04 16:37:42','2014-11-04 16:37:42'),(73,'Black Side Thrust','Physical attack.  DAMAGE:  AT +3 stages.  Name a non-Dragon Ball card.  Search your opponent\'s Life Deck for 1 copy of that card and discard it.',1,1,7,73,5,NULL,NULL,NULL,NULL,NULL,NULL,NULL,NULL,NULL,NULL,NULL,NULL,NULL,NULL,NULL,'2014-11-04 16:37:42','2014-11-04 16:37:42'),(74,'Blue Torpedo','(If this card is discarded from your hand by a card effect, put the top Energy Combat card from your discard pile at the bottom of your Life Deck.)  ENDURANCE 1.  Physical attack.  DAMAGE:  AT +3 stages.',1,2,7,74,5,NULL,NULL,NULL,NULL,NULL,NULL,NULL,NULL,NULL,NULL,NULL,NULL,NULL,NULL,NULL,'2014-11-04 16:37:42','2014-11-04 16:37:42'),(75,'Blue Round Throw','(You may play this card to stop an energy attack instead of as an attack.)  Physical attack.  DAMAGE:  AT +5 stages.  Lower your opponent\'s anger 1 level.',1,2,7,75,5,NULL,NULL,NULL,NULL,NULL,NULL,NULL,NULL,NULL,NULL,NULL,NULL,NULL,NULL,NULL,'2014-11-04 16:37:42','2014-11-04 16:37:42'),(76,'Namekian Crushing Slam','(Banish after use.)  ENDURANCE 2.  Physical attack.  DAMAGE:  AT +3 stages.  Shuffle the top 2 cards from your discard pile into your Life Deck.',1,3,7,76,5,NULL,NULL,NULL,NULL,NULL,NULL,NULL,NULL,NULL,NULL,NULL,NULL,NULL,NULL,NULL,'2014-11-04 16:37:42','2014-11-04 16:37:42'),(77,'Namekian Elbow Strike','(If this card is Rejuvenated, lower your opponent\'s anger 2 levels.)  ENDURANCE 1.  Physical attack.  DAMAGE:  AT +4 stages.',1,3,7,77,5,NULL,NULL,NULL,NULL,NULL,NULL,NULL,NULL,NULL,NULL,NULL,NULL,NULL,NULL,NULL,'2014-11-04 16:37:42','2014-11-04 16:37:42'),(78,'Orange Truck Lift','Physical Attack.  DAMAGE:  AT +3 stages.  Search the top 4 cards of your discard pile for a Drill and place it into play.',1,4,7,78,5,NULL,NULL,NULL,NULL,NULL,NULL,NULL,NULL,NULL,NULL,NULL,NULL,NULL,NULL,NULL,'2014-11-04 16:37:42','2014-11-04 16:37:42'),(79,'Red Lifting Kick','Physical attack.  DAMAGE:  AT +3 stages.  You may lower your anger 1 level to have this attack deal +6 stages instead of +3.',1,5,7,79,5,NULL,NULL,NULL,NULL,NULL,NULL,NULL,NULL,NULL,NULL,NULL,NULL,NULL,NULL,NULL,'2014-11-04 16:37:42','2014-11-04 16:37:42'),(80,'Red Power Lift','ENDURANCE 1.  Physical attack.  DAMAGE:  AT +3 stages.  Stops the next physical attack performed against you this combat.',1,5,7,80,5,NULL,NULL,NULL,NULL,NULL,NULL,NULL,NULL,NULL,NULL,NULL,NULL,NULL,NULL,NULL,'2014-11-04 16:37:42','2014-11-04 16:37:42'),(81,'Saiyan Direct Strike','ENDURANCE 4.  Physical attack.  DAMAGE:  AT +3 stages and +2 life cards.',1,6,7,81,5,NULL,NULL,NULL,NULL,NULL,NULL,NULL,NULL,NULL,NULL,NULL,NULL,NULL,NULL,NULL,'2014-11-04 16:37:42','2014-11-04 16:37:42'),(82,'Saiyan Flying Tackle','Physical attack.  DAMAGE:  AT +3 stages.  When you perform this attack you may destroy the top card of your Life Deck to have this attack deal +6 stages instead of +3.',1,6,7,82,5,NULL,NULL,NULL,NULL,NULL,NULL,NULL,NULL,NULL,NULL,NULL,NULL,NULL,NULL,NULL,'2014-11-04 16:37:42','2014-11-04 16:37:42'),(83,'Saiyan Left Kick','ENDURANCE 1.  Physical attack.  DAMAGE:  AT +4 life cards.  Raise your anger 1 level.',1,NULL,8,83,5,NULL,NULL,NULL,NULL,NULL,NULL,NULL,NULL,NULL,NULL,NULL,NULL,NULL,NULL,NULL,'2014-11-04 16:37:42','2014-11-04 16:37:42'),(84,'Saiyan Sabotage','Physical attack.  DAMAGE:  AT stages.  HIT:  Banish a Setup or Drill.',1,NULL,8,84,5,NULL,NULL,NULL,NULL,NULL,NULL,NULL,NULL,NULL,NULL,NULL,NULL,NULL,NULL,NULL,'2014-11-04 16:37:42','2014-11-04 16:37:42'),(85,'Black Finger Block','ENDURANCE 1.  Stops a physical attack.  Your MP gains 3 stages.',1,1,7,85,5,NULL,NULL,NULL,NULL,NULL,NULL,NULL,NULL,NULL,NULL,NULL,NULL,NULL,NULL,NULL,'2014-11-04 16:37:42','2014-11-04 16:37:42'),(86,'Blue Fist Catch','ENDURANCE 2.  Stops a physical attack.  Lower your opponent\'s anger 1 level.',1,2,7,86,5,NULL,NULL,NULL,NULL,NULL,NULL,NULL,NULL,NULL,NULL,NULL,NULL,NULL,NULL,NULL,'2014-11-04 16:37:42','2014-11-04 16:37:42'),(87,'Blue Wrist Block','Stops a physical attack.  Destroy one of your opponent\'s Setups or Drills.',1,2,7,87,5,NULL,NULL,NULL,NULL,NULL,NULL,NULL,NULL,NULL,NULL,NULL,NULL,NULL,NULL,NULL,'2014-11-04 16:37:42','2014-11-04 16:37:42'),(88,'Namekian Knee Block','(If this card is Rejuvenated, raise your anger 1 level.)  ENDURANCE 2.  Stops a physical attack.',1,3,7,88,5,NULL,NULL,NULL,NULL,NULL,NULL,NULL,NULL,NULL,NULL,NULL,NULL,NULL,NULL,NULL,'2014-11-04 16:37:42','2014-11-04 16:37:42'),(89,'Namekian Narrow Escape','ENDURANCE 1.  Stops a physical attack.  All Styled energy attacks cost -1 stage to perform this combat, to a minimum of 1.',1,3,7,89,5,NULL,NULL,NULL,NULL,NULL,NULL,NULL,NULL,NULL,NULL,NULL,NULL,NULL,NULL,NULL,'2014-11-04 16:37:42','2014-11-04 16:37:42'),(90,'Red Catch','ENDURANCE 2.  Stops a physical attack.  Banish X cards from your opponent\'s discard pile.  X = your anger level.',1,5,7,90,5,NULL,NULL,NULL,NULL,NULL,NULL,NULL,NULL,NULL,NULL,NULL,NULL,NULL,NULL,NULL,'2014-11-04 16:37:42','2014-11-04 16:37:42'),(91,'Blue Ki Build Up','POWER:  Energy attack costing 2 stages.  DAMAGE:  7 life cards.  Lower your opponent\'s anger 1 level.',1,5,4,91,5,NULL,NULL,NULL,NULL,NULL,NULL,NULL,NULL,NULL,NULL,NULL,NULL,NULL,NULL,NULL,'2014-11-04 16:37:42','2014-11-04 16:37:42'),(92,'Namekian Fusion','(Banish after use.)  POWER:  Raise your MP to its highest power stage.  Draw a card and reveal it to your opponent.  If that card is Styled, Rejuvenate 2.',1,3,4,92,5,NULL,NULL,NULL,NULL,NULL,NULL,NULL,NULL,NULL,NULL,NULL,NULL,NULL,NULL,NULL,'2014-11-04 16:37:42','2014-11-04 16:37:42'),(93,'Orange Celebration','(Banish after use.)  POWER:  Search your Life Deck for a Styled Drill and place it into play.',1,4,4,93,5,NULL,NULL,NULL,NULL,NULL,NULL,NULL,NULL,NULL,NULL,NULL,NULL,NULL,NULL,NULL,'2014-11-04 16:37:42','2014-11-04 16:37:42'),(94,'Red Blaze','POWER:  Raise your anger 1 level.  Rejuvenate 2.  You may use a critical damage effect.',1,5,4,94,5,NULL,NULL,NULL,NULL,NULL,NULL,NULL,NULL,NULL,NULL,NULL,NULL,NULL,NULL,NULL,'2014-11-04 16:37:42','2014-11-04 16:37:42'),(95,'Saiyan Enraged','(Banish after use.)  POWER:  Raise your anger 2 levels.  Rejuvenate the bottom 2 cards of your discard pile.  If your MP\'s power level is higher than your opponent\'s MP\'s power level, draw a card.',1,6,4,95,5,NULL,NULL,NULL,NULL,NULL,NULL,NULL,NULL,NULL,NULL,NULL,NULL,NULL,NULL,NULL,'2014-11-04 16:37:42','2014-11-04 16:37:42'),(96,'Black Smoothness Drill','ENDURANCE 1.  CONSTANT:  Your maximum hand size is +1 during the Discard Step.',1,4,3,96,5,NULL,NULL,NULL,NULL,NULL,NULL,NULL,NULL,NULL,NULL,NULL,NULL,NULL,NULL,NULL,'2014-11-04 16:37:42','2014-11-04 16:37:42'),(97,'Blue Positioning Drill','CONSTANT:  Whenever you stop an attack, place a Styled card from your discard pile on top of your Life Deck.',1,2,3,97,5,NULL,NULL,NULL,NULL,NULL,NULL,NULL,NULL,NULL,NULL,NULL,NULL,NULL,NULL,NULL,'2014-11-04 16:37:42','2014-11-04 16:37:42'),(98,'Namekian Heritage Drill','ENDURANCE 1.  CONSTANT:  Your energy attacks deal +X life cards of damage.  X = your MP\'s level.',1,3,3,98,5,NULL,NULL,NULL,NULL,NULL,NULL,NULL,NULL,NULL,NULL,NULL,NULL,NULL,NULL,NULL,'2014-11-04 16:37:42','2014-11-04 16:37:42'),(99,'Orange Burning Aura Drill','(Use only if your opponent has not performed a successful physical attack this combat.)  POWER:  Stops a physical attack.',1,4,3,99,5,NULL,NULL,NULL,NULL,NULL,NULL,NULL,NULL,NULL,NULL,NULL,NULL,NULL,NULL,NULL,'2014-11-04 16:37:42','2014-11-04 16:37:42'),(100,'Orange Guardian Drill','POWER:  Choose a Setup or Drill in you hand and place it into play.',1,4,3,100,5,NULL,NULL,NULL,NULL,NULL,NULL,NULL,NULL,NULL,NULL,NULL,NULL,NULL,NULL,NULL,'2014-11-04 16:37:42','2014-11-04 16:37:42'),(101,'Orange Hiding Drill','CONSTANT:  Your opponent\'s attacks deal -2 life cards of damage.',1,4,3,101,5,NULL,NULL,NULL,NULL,NULL,NULL,NULL,NULL,NULL,NULL,NULL,NULL,NULL,NULL,NULL,'2014-11-04 16:37:42','2014-11-04 16:37:42'),(102,'Red Intimidation Drill','CONSTANT:  Once per turn when you deal critical damage, you may draw a card.',1,5,3,102,5,NULL,NULL,NULL,NULL,NULL,NULL,NULL,NULL,NULL,NULL,NULL,NULL,NULL,NULL,NULL,'2014-11-04 16:37:42','2014-11-04 16:37:42'),(103,'Saiyan Analysis Drill','ENDURANCE 1.  CONSTANT:  You need 1 less anger to advance personality level.',1,6,3,103,5,NULL,NULL,NULL,NULL,NULL,NULL,NULL,NULL,NULL,NULL,NULL,NULL,NULL,NULL,NULL,'2014-11-04 16:37:42','2014-11-04 16:37:42'),(104,'Black Taunt','(Banish after use.)  POWER:  Your opponent destroys the top X cards of his Life Deck.  X = his current anger level + 1.  Your opponent shuffles his hand into his Life Deck and draws the same number of cards.',1,1,5,104,5,NULL,NULL,NULL,NULL,NULL,NULL,NULL,NULL,NULL,NULL,NULL,NULL,NULL,NULL,NULL,'2014-11-04 16:37:42','2014-11-04 16:37:42'),(105,'Blue Rest','ENDURANCE 2.  POWER:  Prevent all damage from an attack.  Place at the bottom of your Life Deck after use.',1,2,5,105,5,NULL,NULL,NULL,NULL,NULL,NULL,NULL,NULL,NULL,NULL,NULL,NULL,NULL,NULL,NULL,'2014-11-04 16:37:42','2014-11-04 16:37:42'),(106,'Namekian Regeneration','(Banish after use.)  POWER:  Rejuvenate the top or bottom 4 cards of your discard pile.',1,3,5,106,5,NULL,NULL,NULL,NULL,NULL,NULL,NULL,NULL,NULL,NULL,NULL,NULL,NULL,NULL,NULL,'2014-11-04 16:37:42','2014-11-04 16:37:42'),(107,'Orange Destruction','POWER:  Your opponent destroys the top X cards of his Life Deck.  X = 1 + the number of Drills you have in play.',1,4,5,107,5,NULL,NULL,NULL,NULL,NULL,NULL,NULL,NULL,NULL,NULL,NULL,NULL,NULL,NULL,NULL,'2014-11-04 16:37:42','2014-11-04 16:37:42'),(108,'Red Burning Stance','Physical attack.  DAMAGE:  AT stages.  Raise your anger 1 level.  HIT:  Banish a Setup or Drill.',1,5,7,108,5,NULL,NULL,NULL,NULL,NULL,NULL,NULL,NULL,NULL,NULL,NULL,NULL,NULL,NULL,NULL,'2014-11-04 16:37:42','2014-11-04 16:37:42'),(109,'Saiyan Preparation','(Banish after use.)  POWER:  Look at the top card of your Life Deck.  You may place that card at the bottom of your Life Deck.  Draw a card.',1,6,5,109,5,NULL,NULL,NULL,NULL,NULL,NULL,NULL,NULL,NULL,NULL,NULL,NULL,NULL,NULL,NULL,'2014-11-04 16:37:42','2014-11-04 16:37:42'),(110,'Black Energy Toss','Energy attack costing 4 stages.  DAMAGE:  4 life cards.  HIT:  Gain 3 stages and your opponent cannot play Events for the remainder of combat.',1,1,6,110,5,NULL,NULL,NULL,NULL,NULL,NULL,NULL,NULL,NULL,NULL,NULL,NULL,NULL,NULL,NULL,'2014-11-04 16:37:42','2014-11-04 16:37:42'),(111,'Black Interceptor Barrage','ENDURANCE 1.  Energy attack costing 2 stages.  DAMAGE:  4 life cards and 4 stages.  HIT:  Banish 3 cards from a discard pile.',1,1,6,111,5,NULL,NULL,NULL,NULL,NULL,NULL,NULL,NULL,NULL,NULL,NULL,NULL,NULL,NULL,NULL,'2014-11-04 16:37:42','2014-11-04 16:37:42'),(112,'Black Energy Web','Energy attack costing 2 stages.  DAMAGE:  6 life cards.  HIT:  Your opponent cannot perform energy attacks for the remainder of combat.',1,1,6,112,5,NULL,NULL,NULL,NULL,NULL,NULL,NULL,NULL,NULL,NULL,NULL,NULL,NULL,NULL,NULL,'2014-11-04 16:37:42','2014-11-04 16:37:42'),(113,'Blue Neck Beam','(If this card is discarded from your hand by a card effect, your MP gains 4 stages.)  ENDURANCE 1.  Energy attack costing 2 stages.  DAMAGE:  4 life cards.  HIT:  Raise or lower your opponent\'s MP one personality level at the end of combat.',1,2,6,113,5,NULL,NULL,NULL,NULL,NULL,NULL,NULL,NULL,NULL,NULL,NULL,NULL,NULL,NULL,NULL,'2014-11-04 16:37:42','2014-11-04 16:37:42'),(114,'Namekian Double Palm Burst','(If this card is Rejuvenated, gain 2 stages.)  Energy attack costing 2 stages.  DAMAGE:  4 life cards.  HIT:  While your control 4 or less Dragon Balls, your Dragon Balls cannot be captured this combat.',1,3,6,114,5,NULL,NULL,NULL,NULL,NULL,NULL,NULL,NULL,NULL,NULL,NULL,NULL,NULL,NULL,NULL,'2014-11-04 16:37:42','2014-11-04 16:37:42'),(115,'Namekian Sudden Blast','Energy attack costing 2 stages.  DAMAGE:  5 life cards.  HIT:  Choose 4 cards in your discard pile.  Banish 2 of those cards and shuffle the remaining into your Life Deck.',1,3,6,115,5,NULL,NULL,NULL,NULL,NULL,NULL,NULL,NULL,NULL,NULL,NULL,NULL,NULL,NULL,NULL,'2014-11-04 16:37:42','2014-11-04 16:37:42'),(116,'Orange Power Point','ENDURANCE 3.  Energy attack costing 2 stages.  DAMAGE:  6 life cards.  HIT:  Search your Life Deck for a Styled Drill and place it into play.',1,4,6,116,5,NULL,NULL,NULL,NULL,NULL,NULL,NULL,NULL,NULL,NULL,NULL,NULL,NULL,NULL,NULL,'2014-11-04 16:37:42','2014-11-04 16:37:42'),(117,'Orange Stare Down','Energy attack costing 2 stages.  DAMAGE:  4 life cards.  Banish an opponent\'s Setup, Drill or Ally.',1,4,6,117,5,NULL,NULL,NULL,NULL,NULL,NULL,NULL,NULL,NULL,NULL,NULL,NULL,NULL,NULL,NULL,'2014-11-04 16:37:42','2014-11-04 16:37:42'),(118,'Red Frenzied Blasts','Energy attack costing 2 stages.  DAMAGE:  4 life cards.  HIT:  Raise your anger 2 levels.',1,5,6,118,5,NULL,NULL,NULL,NULL,NULL,NULL,NULL,NULL,NULL,NULL,NULL,NULL,NULL,NULL,NULL,'2014-11-04 16:37:42','2014-11-04 16:37:42'),(119,'Red Surrounding Beams','Energy attack costing 2 stages.  DAMAGE:  5 life cards.  Raise your anger 1 level.  If you advance a personality level with this card, this attack cannot be stopped.',1,5,6,119,5,NULL,NULL,NULL,NULL,NULL,NULL,NULL,NULL,NULL,NULL,NULL,NULL,NULL,NULL,NULL,'2014-11-04 16:37:42','2014-11-04 16:37:42'),(120,'Red Static Shot','Energy attack costing 2 stages.  DAMAGE:  5 life cards.  Your opponent cannot use Endurance on your Styled attacks this combat.  HIT:  Raise your anger 2 levels.',1,5,6,120,5,NULL,NULL,NULL,NULL,NULL,NULL,NULL,NULL,NULL,NULL,NULL,NULL,NULL,NULL,NULL,'2014-11-04 16:37:42','2014-11-04 16:37:42'),(121,'Saiyan Diving Burst','Energy attack costing 2 stages.  DAMAGE:  4 stages.  When you perform this attack you may destroy the top card of your Life Deck to have this attack deal +4 stages.',1,6,6,121,5,NULL,NULL,NULL,NULL,NULL,NULL,NULL,NULL,NULL,NULL,NULL,NULL,NULL,NULL,NULL,'2014-11-04 16:37:42','2014-11-04 16:37:42'),(122,'Saiyan Straight Shot','ENDURANCE 1.  Energy attack costing 2 stages.  DAMAGE:  4 life cards.  If stopped, shuffle this card into your Life Deck.',1,6,6,122,5,NULL,NULL,NULL,NULL,NULL,NULL,NULL,NULL,NULL,NULL,NULL,NULL,NULL,NULL,NULL,'2014-11-04 16:37:42','2014-11-04 16:37:42'),(123,'Black Speedy Dodge','Stops an energy attack.  You may discard a card from your hand.  If you do, your opponent discards a card from his hand.',1,1,6,123,5,NULL,NULL,NULL,NULL,NULL,NULL,NULL,NULL,NULL,NULL,NULL,NULL,NULL,NULL,NULL,'2014-11-04 16:37:42','2014-11-04 16:37:42'),(124,'Blue Defensive Stance','ENDURANCE 1.  Stops an energy attack.  Raise or lower a player\'s anger 1 level.',1,2,6,124,5,NULL,NULL,NULL,NULL,NULL,NULL,NULL,NULL,NULL,NULL,NULL,NULL,NULL,NULL,NULL,'2014-11-04 16:37:42','2014-11-04 16:37:42'),(125,'Blue Narrow Escape','(Banish after use.)  ENDURANCE 3.  Stops an energy attack.  Choose 2 Energy Combat cards in your discard pile and place them on top of your Life Deck.',1,2,6,125,5,NULL,NULL,NULL,NULL,NULL,NULL,NULL,NULL,NULL,NULL,NULL,NULL,NULL,NULL,NULL,'2014-11-04 16:37:42','2014-11-04 16:37:42'),(126,'Namekian Stance','Stops an energy attack.  Your opponent\'s attacks need to deal +2 life cards to use a critical damage effect this combat.',1,3,6,126,5,NULL,NULL,NULL,NULL,NULL,NULL,NULL,NULL,NULL,NULL,NULL,NULL,NULL,NULL,NULL,'2014-11-04 16:37:42','2014-11-04 16:37:42'),(127,'Namekian Energy Guard','Stops an energy attack.  Shuffle the top and bottom cards of your discard pile into your Life Deck.',1,3,6,127,5,NULL,NULL,NULL,NULL,NULL,NULL,NULL,NULL,NULL,NULL,NULL,NULL,NULL,NULL,NULL,'2014-11-04 16:37:42','2014-11-04 16:37:42'),(128,'Orange Energy Catch','ENDURANCE 3.  Stops an energy attack.  Raise your anger 1 level.  For the remainder of combat, all your attacks deal +2 stages of damage.',1,4,6,128,5,NULL,NULL,NULL,NULL,NULL,NULL,NULL,NULL,NULL,NULL,NULL,NULL,NULL,NULL,NULL,'2014-11-04 16:37:42','2014-11-04 16:37:42'),(129,'Red Energy Shield','(Banish after use.)  Stops an energy attack.  Raise a personality to their highest power stage.',1,5,6,129,5,NULL,NULL,NULL,NULL,NULL,NULL,NULL,NULL,NULL,NULL,NULL,NULL,NULL,NULL,NULL,'2014-11-04 16:37:42','2014-11-04 16:37:42'),(130,'Saiyan Energy Deflection','ENDURANCE 2.  Stops an energy attack.  Raise your anger 1 level.',1,6,6,130,5,NULL,NULL,NULL,NULL,NULL,NULL,NULL,NULL,NULL,NULL,NULL,NULL,NULL,NULL,NULL,'2014-11-04 16:37:42','2014-11-04 16:37:42'),(131,'Black Flying Kick','ENDURANCE 1.  Physical attack.  DAMAGE:  AT +2 stages.  Banish the top 3 cards of your opponent\'s discard pile.',1,1,7,131,5,NULL,NULL,NULL,NULL,NULL,NULL,NULL,NULL,NULL,NULL,NULL,NULL,NULL,NULL,NULL,'2014-11-04 16:37:42','2014-11-04 16:37:42'),(132,'Black Left Kick','ENDURANCE 1.  Physical attack.  DAMAGE:  AT +3 stages.  HIT:  Choose 3 cards in your opponent\'s discard pile.  Your opponent shuffles those cards into his Life Deck.',1,1,7,132,5,NULL,NULL,NULL,NULL,NULL,NULL,NULL,NULL,NULL,NULL,NULL,NULL,NULL,NULL,NULL,'2014-11-04 16:37:42','2014-11-04 16:37:42'),(133,'Black Jab','(If this card is discarded from your hand, choose a card in your opponent\'s discard pile and place it on top of his Life Deck.)  Physical attack.  DAMAGE:  AT +2 stages.  If your opponent has no cards in his hand, destroy a Setup or Drill.',1,1,7,133,5,NULL,NULL,NULL,NULL,NULL,NULL,NULL,NULL,NULL,NULL,NULL,NULL,NULL,NULL,NULL,'2014-11-04 16:37:42','2014-11-04 16:37:42'),(134,'Black Strike','Physical attack.  DAMAGE:  AT +4 stages.  Choose a random card from your opponent\'s hand.  Your opponent shuffles that card into his Life Deck and draws a card.',1,1,7,134,5,NULL,NULL,NULL,NULL,NULL,NULL,NULL,NULL,NULL,NULL,NULL,NULL,NULL,NULL,NULL,'2014-11-04 16:37:42','2014-11-04 16:37:42'),(135,'Blue Fist Smash','Physical attack.  DAMAGE:  AT +2 stages.  HIT:  Prevent X stages and X life cards of damage from your opponent\'s next attack this combat.  X = the number of power stages of damage dealt by this attack.',1,2,7,135,5,NULL,NULL,NULL,NULL,NULL,NULL,NULL,NULL,NULL,NULL,NULL,NULL,NULL,NULL,NULL,'2014-11-04 16:37:42','2014-11-04 16:37:42'),(136,'Namekian Pound','Physical attack.  DAMAGE:  AT +3 stages.  HIT:  You may destroy up to 4 cards from the top of your Life Deck.  For each card destroyed, gain 1 stage.',1,3,4,136,5,NULL,NULL,NULL,NULL,NULL,NULL,NULL,NULL,NULL,NULL,NULL,NULL,NULL,NULL,NULL,'2014-11-04 16:37:42','2014-11-04 16:37:42'),(137,'Namekian Side Kick','(Banish after use.)  Physical attack.  DAMAGE:  AT +2 life cards.  Lower your opponent\'s anger 2 levels.  HIT:  Draw the top card of your discard pile.',1,3,7,137,5,NULL,NULL,NULL,NULL,NULL,NULL,NULL,NULL,NULL,NULL,NULL,NULL,NULL,NULL,NULL,'2014-11-04 16:37:42','2014-11-04 16:37:42'),(138,'Orange Launcher','ENDURANCE 1.  Physical attack.  DAMAGE:  3 life cards.  You may use a critical damage effect.',1,4,7,138,5,NULL,NULL,NULL,NULL,NULL,NULL,NULL,NULL,NULL,NULL,NULL,NULL,NULL,NULL,NULL,'2014-11-04 16:37:42','2014-11-04 16:37:42'),(139,'Red Right Cross','Physical attack costing 4 stages.  DAMAGE:  AT +4 stages.  Raise your anger 2 levels.',1,5,7,139,5,NULL,NULL,NULL,NULL,NULL,NULL,NULL,NULL,NULL,NULL,NULL,NULL,NULL,NULL,NULL,'2014-11-04 16:37:42','2014-11-04 16:37:42'),(140,'Red Power Rush','(Banish after use.)  Physical attack.  DAMAGE:  AT +3 stages.  Raise your anger 1 level.  If you have 3 or more anger, this attack cannot be stopped or have its damage prevented by Physical Combat cards.',1,5,7,140,5,NULL,NULL,NULL,NULL,NULL,NULL,NULL,NULL,NULL,NULL,NULL,NULL,NULL,NULL,NULL,'2014-11-04 16:37:42','2014-11-04 16:37:42'),(141,'Saiyan Face Stomp','Physical attack.  DAMAGE:  AT +4 stages.  When you perform this attack you may destroy the top card of your Life Deck to have this attack also deal +3 life cards.',1,6,7,141,5,NULL,NULL,NULL,NULL,NULL,NULL,NULL,NULL,NULL,NULL,NULL,NULL,NULL,NULL,NULL,'2014-11-04 16:37:42','2014-11-04 16:37:42'),(142,'Saiyan Light Jab','ENDURANCE 2.  Physical attack.  DAMAGE:  AT +4 stages.  HIT:  Shuffle this card back into your Life Deck.',1,6,7,142,5,NULL,NULL,NULL,NULL,NULL,NULL,NULL,NULL,NULL,NULL,NULL,NULL,NULL,NULL,NULL,'2014-11-04 16:37:42','2014-11-04 16:37:42'),(143,'Blue Crouch','ENDURANCE 3.  Stops a physical attack.  If your MP\'s power level is lower than your opponent\'s MP\'s power level, place this card on top of your Life Deck after use.',1,2,7,143,5,NULL,NULL,NULL,NULL,NULL,NULL,NULL,NULL,NULL,NULL,NULL,NULL,NULL,NULL,NULL,'2014-11-04 16:37:42','2014-11-04 16:37:42'),(144,'Blue Swift Block','Stops a physical attack.  You may discard a card from your hand to perform a copy of that attack for your next action.',1,2,7,144,5,NULL,NULL,NULL,NULL,NULL,NULL,NULL,NULL,NULL,NULL,NULL,NULL,NULL,NULL,NULL,'2014-11-04 16:37:42','2014-11-04 16:37:42'),(145,'Namekian Forceful Block','Stops a physical attack.  Gain 5 stages.  Rejuvenate 1.',1,3,7,145,5,NULL,NULL,NULL,NULL,NULL,NULL,NULL,NULL,NULL,NULL,NULL,NULL,NULL,NULL,NULL,'2014-11-04 16:37:42','2014-11-04 16:37:42'),(146,'Orange Cover Up','ENDURANCE 1.  Stops a physical attack.  Also stops a physical attack in your opponent\'s next action.',1,4,7,146,5,NULL,NULL,NULL,NULL,NULL,NULL,NULL,NULL,NULL,NULL,NULL,NULL,NULL,NULL,NULL,'2014-11-04 16:37:42','2014-11-04 16:37:42'),(147,'Orange Quick Dodge','Stops a physical attack.  Gain 5 stages.  Prevent 1 stage of damage from all of your opponent\'s attacks this combat.',1,4,7,147,5,NULL,NULL,NULL,NULL,NULL,NULL,NULL,NULL,NULL,NULL,NULL,NULL,NULL,NULL,NULL,'2014-11-04 16:37:42','2014-11-04 16:37:42'),(148,'Red Blocking Hand','Stops a physical attack.  Raise your anger 2 levels.  Gain 2 stages.',1,5,7,148,5,NULL,NULL,NULL,NULL,NULL,NULL,NULL,NULL,NULL,NULL,NULL,NULL,NULL,NULL,NULL,'2014-11-04 16:37:42','2014-11-04 16:37:42'),(149,'Saiyan Arm Catch','ENDURANCE 2.  Stops a physical attack.  Raise your anger 1 level.',1,6,7,149,5,NULL,NULL,NULL,NULL,NULL,NULL,NULL,NULL,NULL,NULL,NULL,NULL,NULL,NULL,NULL,'2014-11-04 16:37:42','2014-11-04 16:37:42'),(150,'Saiyan Lightning Dodge','Stops a physical attack.  Your opponent loses 4 stages, to a minimum of 0.',1,6,7,150,5,NULL,NULL,NULL,NULL,NULL,NULL,NULL,NULL,NULL,NULL,NULL,NULL,NULL,NULL,NULL,'2014-11-04 16:37:42','2014-11-04 16:37:42'),(151,'Namek Dragon Ball 1','CONSTANT:  Your other Dragon Balls cannot be captured.  Your attacks deal +1 life card of damage.',1,NULL,2,1,1,NULL,NULL,NULL,NULL,NULL,NULL,NULL,NULL,NULL,NULL,NULL,NULL,NULL,NULL,NULL,'2014-11-04 16:37:42','2014-11-04 16:37:42'),(152,'Namek Dragon Ball 2','Lower a personality 1 level.',1,NULL,2,2,1,NULL,NULL,NULL,NULL,NULL,NULL,NULL,NULL,NULL,NULL,NULL,NULL,NULL,NULL,NULL,'2014-11-04 16:37:42','2014-11-04 16:37:42'),(153,'Namek Dragon Ball 3','Draw 3 cards.  Place 2 cards from your hand at the bottom of your Life Deck.  Raise or lower a player\'s anger 1 level.',1,NULL,2,3,1,NULL,NULL,NULL,NULL,NULL,NULL,NULL,NULL,NULL,NULL,NULL,NULL,NULL,NULL,NULL,'2014-11-04 16:37:42','2014-11-04 16:37:42'),(154,'Trunks - Inquisitive','CONSTANT:  When entering combat, look at the top 4 cards of your Life Deck and put them back in any order.  Banish the top card of your opponent\'s discard pile.',1,NULL,8,4,1,1,7,1,2,0,500,1000,1500,2500,5000,10000,25000,50000,75000,100000,'2014-11-04 16:37:42','2014-11-04 16:37:42'),(155,'Trunks - Resolved','CONSTANT:  When entering combat, look at the top 4 cards of a player\'s Life Deck and put them back in any order.  Banish a card in your opponent\'s discard pile.',1,NULL,8,5,1,1,7,2,3,0,500,1000,5000,10000,50000,100000,250000,400000,550000,700000,'2014-11-04 16:37:42','2014-11-04 16:37:42'),(156,'Captain Ginyu - Leader','POWER:  Energy attack costing 3 stages.  DAMAGE:  4 life cards.  Search your Life Deck for an Ally and place it into play at 4 power stages above 0.  HIT:  Choose one of your Allies in play, that Ally can make actions regardless of your MP\'s power stage this combat.',1,NULL,8,6,1,2,8,1,2,0,1250,2500,5000,15000,25000,35000,45000,55000,65000,75000,'2014-11-04 16:37:42','2014-11-04 16:37:42'),(157,'Captain Ginyu - Energized','POWER:  Energy attack costing 2 stages.  DAMAGE:  4 life cards.  Search your discard pile for an Ally and place it into play at 5 power stages above 0.  Raise your anger X levels.  X = the number of your \"Ginyu Force\" Allies in play.',1,NULL,8,7,1,2,8,2,3,0,1250,2500,5000,25000,45000,65000,85000,105000,115000,125000,'2014-11-04 16:37:42','2014-11-04 16:37:42'),(158,'Chaozu - Resurrected','(Heroes only.)  POWER:  Energy attack costing 4 stages.  DAMAGE:  7 life cards.  Shuffle \"Chaozu\" into your Life Deck at the beginning of the next action this combat.',1,NULL,1,8,1,1,NULL,1,1,0,5000,10000,20000,30000,40000,50000,60000,70000,80000,90000,'2014-11-04 16:37:42','2014-11-04 16:37:42'),(159,'Tenshinhan - Returned','(Heroes only.)  POWER:  Energy attack costing 2 stages.  DAMAGE:  3 life cards.  HIT:  Draw a card.',1,NULL,1,9,1,1,NULL,1,1,0,2000,3000,4000,5000,20000,35000,50000,65000,80000,95000,'2014-11-04 16:37:42','2014-11-04 16:37:42'),(160,'Guldo - Ginyu Force','(Villains only.)  POWER:  Stop a physical or energy attack.  Your attacks deal +2 stages and +2 life cards of damage this combat.',1,NULL,1,10,1,2,NULL,1,1,0,5000,10000,15000,20000,25000,30000,35000,40000,45000,50000,'2014-11-04 16:37:42','2014-11-04 16:37:42'),(161,'Recoome - Ginyu Force','(Villains only.)  POWER:  Physical attack.  DAMAGE:  AT stages.  HIT:  You may have your MP pay 2 stages to draw the bottom of your discard pile.',1,NULL,1,11,1,2,NULL,1,1,0,2500,5000,10000,15000,20000,25000,30000,35000,45000,55000,'2014-11-04 16:37:42','2014-11-04 16:37:42'),(162,'Nappa - Space Traveler','(Villains only.)  CONSTANT:  Setups cannot be used.',1,NULL,1,12,1,2,NULL,1,1,0,250,500,1000,2000,3000,4000,5000,6000,7000,8000,'2014-11-04 16:37:42','2014-11-04 16:37:42'),(163,'Black Erasing Drill','(Limit 1 per deck.)  CONSTANT:  Whenever you perform a successful energy attack, you may destroy an opponent\'s Setup or Drill.',1,1,3,13,1,NULL,NULL,NULL,NULL,NULL,NULL,NULL,NULL,NULL,NULL,NULL,NULL,NULL,NULL,NULL,'2014-11-04 16:37:42','2014-11-04 16:37:42'),(164,'Black Concussive Blast','Energy attack costing 4 stages.  DAMAGE:  4 life cards.  Raise your anger 2 levels.  You may place a card from your hand at the bottom of your Life Deck to have your opponent put a card from his hand at the bottom of his Life Deck.',1,1,6,14,1,NULL,NULL,NULL,NULL,NULL,NULL,NULL,NULL,NULL,NULL,NULL,NULL,NULL,NULL,NULL,'2014-11-04 16:37:42','2014-11-04 16:37:42'),(165,'Black Corruption','(If this card is discarded from your hand, Banish the top 2 cards of your opponent\'s Life Deck.)  Stops an energy attack.  Raise your anger 1 level and lower your opponent\'s anger 2 levels.',1,1,6,15,1,NULL,NULL,NULL,NULL,NULL,NULL,NULL,NULL,NULL,NULL,NULL,NULL,NULL,NULL,NULL,'2014-11-04 16:37:42','2014-11-04 16:37:42'),(166,'Black Hug Maneuver','ENDURANCE 2.  Physical attack.  DAMAGE:  AT stages.  Raise your anger 2 levels.',1,1,7,16,1,NULL,NULL,NULL,NULL,NULL,NULL,NULL,NULL,NULL,NULL,NULL,NULL,NULL,NULL,NULL,'2014-11-04 16:37:42','2014-11-04 16:37:42'),(167,'Black Knee Catch','ENDURANCE 1.  Stops a physical attack.  Raise your anger 2 levels.',1,1,7,17,1,NULL,NULL,NULL,NULL,NULL,NULL,NULL,NULL,NULL,NULL,NULL,NULL,NULL,NULL,NULL,'2014-11-04 16:37:42','2014-11-04 16:37:42'),(168,'Black Lunge','ENDURANCE 1.  Physical attack.  DAMAGE:  AT +4 life cards.  Raise your anger 1 level.',1,1,7,18,1,NULL,NULL,NULL,NULL,NULL,NULL,NULL,NULL,NULL,NULL,NULL,NULL,NULL,NULL,NULL,'2014-11-04 16:37:42','2014-11-04 16:37:42'),(169,'Black Punishment','Energy attack costing 2 stages.  DAMAGE:  4 life cards.  Raise your anger 1 level.  HIT:  Until the start of your next turn, whenever a card is banishes itself after use your opponent destroys the top card of his Life Deck.',1,1,6,19,1,NULL,NULL,NULL,NULL,NULL,NULL,NULL,NULL,NULL,NULL,NULL,NULL,NULL,NULL,NULL,'2014-11-04 16:37:42','2014-11-04 16:37:42'),(170,'Blue Battle Readiness','POWER:  Search your Life Deck for an Ally and place it into play at 3 stages above 0.  Search your discard pile for an Ally and place it into play at 3 stages above 0.',1,2,4,20,1,NULL,NULL,NULL,NULL,NULL,NULL,NULL,NULL,NULL,NULL,NULL,NULL,NULL,NULL,NULL,'2014-11-04 16:37:42','2014-11-04 16:37:42'),(171,'Blue Trick','ENDURANCE 2.  POWER:  Capture a Dragon Ball.',1,2,4,21,1,NULL,NULL,NULL,NULL,NULL,NULL,NULL,NULL,NULL,NULL,NULL,NULL,NULL,NULL,NULL,'2014-11-04 16:37:42','2014-11-04 16:37:42'),(172,'Blue Battle Drill','ENDURANCE 2.  CONSTANT:  Cards that end combat cannot be played or used.',1,2,3,22,1,NULL,NULL,NULL,NULL,NULL,NULL,NULL,NULL,NULL,NULL,NULL,NULL,NULL,NULL,NULL,'2014-11-04 16:37:42','2014-11-04 16:37:42'),(173,'Blue Biting Drill','CONSTANT:  Your attacks deal +2 power stages of damage.  When a card effect lowers your opponent\'s anger and his anger is 0, he destroys the top card of his Life Deck.',1,2,3,23,1,NULL,NULL,NULL,NULL,NULL,NULL,NULL,NULL,NULL,NULL,NULL,NULL,NULL,NULL,NULL,'2014-11-04 16:37:42','2014-11-04 16:37:42'),(174,'Blue Defensive Effect','(Banish after use.)  ENDURANCE 6.  POWER:  Lower your opponent\'s anger 1 level.  Your opponent cannot raise his anger this combat.',1,2,5,24,1,NULL,NULL,NULL,NULL,NULL,NULL,NULL,NULL,NULL,NULL,NULL,NULL,NULL,NULL,NULL,'2014-11-04 16:37:42','2014-11-04 16:37:42'),(175,'Blue Defensive Flight','Stops a physical attack.  Your Main Personality may pay any number of stages.  For every 2 stages paid, lower your opponent\'s anger 1 level.',1,2,7,25,1,NULL,NULL,NULL,NULL,NULL,NULL,NULL,NULL,NULL,NULL,NULL,NULL,NULL,NULL,NULL,'2014-11-04 16:37:42','2014-11-04 16:37:42'),(176,'Blue Draining Blast','Energy attack.  DAMAGE:  4 life cards.  The personality performing this attack may pay any amount of stages.  For every 2 stages paid, this deals an additional +1 life card of damage.',1,2,6,26,1,NULL,NULL,NULL,NULL,NULL,NULL,NULL,NULL,NULL,NULL,NULL,NULL,NULL,NULL,NULL,'2014-11-04 16:37:42','2014-11-04 16:37:42'),(177,'Blue Head Knock','ENDURANCE 2.  Physical Attack.  DAMAGE:  5 life cards.  Lower your opponent\'s anger to 0.',1,2,7,27,1,NULL,NULL,NULL,NULL,NULL,NULL,NULL,NULL,NULL,NULL,NULL,NULL,NULL,NULL,NULL,'2014-11-04 16:37:42','2014-11-04 16:37:42'),(178,'Blue Reverse','Physical attack.  DAMAGE:  X stages/life cards +2 life cards.  X = the damage of the last attack your opponent performed, including modifiers.',1,2,7,28,1,NULL,NULL,NULL,NULL,NULL,NULL,NULL,NULL,NULL,NULL,NULL,NULL,NULL,NULL,NULL,'2014-11-04 16:37:42','2014-11-04 16:37:42'),(179,'Namekian Chop','ENDURANCE 1.  Physical attack.  DAMAGE:  AT +4 stages.  HIT:  Raise your anger X levels.  X = the number of Dragon Balls you control.',1,3,7,29,1,NULL,NULL,NULL,NULL,NULL,NULL,NULL,NULL,NULL,NULL,NULL,NULL,NULL,NULL,NULL,'2014-11-04 16:37:42','2014-11-04 16:37:42'),(180,'Namekian Double Strike','ENDURANCE 1.  Energy attack costing 2 stages.  DAMAGE:  5 life cards.  You may shuffle a Dragon Ball you control back into its owner\'s Life Deck.  If you do, you may use a critical damage effect.',1,3,6,30,1,NULL,NULL,NULL,NULL,NULL,NULL,NULL,NULL,NULL,NULL,NULL,NULL,NULL,NULL,NULL,'2014-11-04 16:37:42','2014-11-04 16:37:42'),(181,'Namekian Dragon Blast','(Banish after use.)  Energy attack costing 2 stages.  DAMAGE:  4 + X life cards.  HIT:  Rejuvenate X.  X = the number of Dragon Balls in play.',1,3,6,31,1,NULL,NULL,NULL,NULL,NULL,NULL,NULL,NULL,NULL,NULL,NULL,NULL,NULL,NULL,NULL,'2014-11-04 16:37:42','2014-11-04 16:37:42'),(182,'Namekian Energy Toss','Energy attack costing 1 stage.  DAMAGE:  4 life cards.  If you control 2 or more Dragon Balls, all other attacks you perform this combat gain \"HIT:  Rejuvenate 1.\"',1,3,6,32,1,NULL,NULL,NULL,NULL,NULL,NULL,NULL,NULL,NULL,NULL,NULL,NULL,NULL,NULL,NULL,'2014-11-04 16:37:42','2014-11-04 16:37:42'),(183,'Namekian Maximum Will','ENDURANCE 2.  Energy attack costing 2 stages.  DAMAGE:  6 life cards.  You may destroy up to 2 cards from the top of your Life Deck.  For each card destroyed, lower your opponent\'s anger 2 levels.',1,3,6,33,1,NULL,NULL,NULL,NULL,NULL,NULL,NULL,NULL,NULL,NULL,NULL,NULL,NULL,NULL,NULL,'2014-11-04 16:37:42','2014-11-04 16:37:42'),(184,'Namekian Onslaught','Energy attack costing 1 stage.  DAMAGE:  4 life cards.  Rejuvenate 1.  If you control 2 or more Dragon Balls, this attack stays in play to be used a second time this combat.',1,3,6,34,1,NULL,NULL,NULL,NULL,NULL,NULL,NULL,NULL,NULL,NULL,NULL,NULL,NULL,NULL,NULL,'2014-11-04 16:37:42','2014-11-04 16:37:42'),(185,'Namekian Right Throw','ENDURANCE 2.  Physical attack.  DAMAGE:  AT +3 stages.  You may shuffle a Dragon Ball you control back into its owner\'s Life Deck.  If you do, raise your anger 2 levels.',1,3,7,35,1,NULL,NULL,NULL,NULL,NULL,NULL,NULL,NULL,NULL,NULL,NULL,NULL,NULL,NULL,NULL,'2014-11-04 16:37:42','2014-11-04 16:37:42'),(186,'Orange Aura Drill','ENDURANCE 1.  CONSTANT:  Your energy attacks deal +2 life cards of damage.',1,4,3,36,1,NULL,NULL,NULL,NULL,NULL,NULL,NULL,NULL,NULL,NULL,NULL,NULL,NULL,NULL,NULL,'2014-11-04 16:37:42','2014-11-04 16:37:42'),(187,'Orange Joint Restraint Drill','CONSTANT:  Your physical attacks deal +2 stages of damage.',1,4,3,37,1,NULL,NULL,NULL,NULL,NULL,NULL,NULL,NULL,NULL,NULL,NULL,NULL,NULL,NULL,NULL,'2014-11-04 16:37:42','2014-11-04 16:37:42'),(188,'Orange Defensive Blast','Energy attack costing 2 stages.  DAMAGE:  4 life cards.  HIT:  For the remainder of combat, cards in your Life Deck without Endurance gain \"Endurance 1.\"',1,4,6,38,1,NULL,NULL,NULL,NULL,NULL,NULL,NULL,NULL,NULL,NULL,NULL,NULL,NULL,NULL,NULL,'2014-11-04 16:37:42','2014-11-04 16:37:42'),(189,'Orange Distracting Beam','(Banish after use.)  Energy attack costing 2 stages.  DAMAGE:  5 life cards.  Choose a Styled card in your discard pile and place it on top of your Life Deck.',1,4,6,39,1,NULL,NULL,NULL,NULL,NULL,NULL,NULL,NULL,NULL,NULL,NULL,NULL,NULL,NULL,NULL,'2014-11-04 16:37:42','2014-11-04 16:37:42'),(190,'Orange Energy Absorption','(Banish after use.)  ENDURANCE 1.  Stops an energy attack.  Gain 5 stages.  Raise your anger 1 level.',1,4,6,40,1,NULL,NULL,NULL,NULL,NULL,NULL,NULL,NULL,NULL,NULL,NULL,NULL,NULL,NULL,NULL,'2014-11-04 16:37:42','2014-11-04 16:37:42'),(191,'Orange Precise Shot','ENDURANCE 2.  Energy attack costing 1 stage.  DAMAGE:  3 life cards.  HIT:  Search your opponent\'s Life Deck for a card and discard it.  Raise your anger 1 level.',1,4,6,41,1,NULL,NULL,NULL,NULL,NULL,NULL,NULL,NULL,NULL,NULL,NULL,NULL,NULL,NULL,NULL,'2014-11-04 16:37:42','2014-11-04 16:37:42'),(192,'Orange Refocus','ENDURANCE 1.  Stops a physical attack.  Raise your anger 1 level.  You may search your discard pile for a Drill and place it into play.',1,4,7,42,1,NULL,NULL,NULL,NULL,NULL,NULL,NULL,NULL,NULL,NULL,NULL,NULL,NULL,NULL,NULL,'2014-11-04 16:37:42','2014-11-04 16:37:42'),(193,'Orange Revenge','(Banish after use.)  Energy attack costing 3 stages.  DAMAGE:  4 life cards +AT stages.  Raise your anger 1 level.  HIT:  Choose 2 Energy Combat cards in your discard pile and place them on top of your Life Deck.',1,4,6,43,1,NULL,NULL,NULL,NULL,NULL,NULL,NULL,NULL,NULL,NULL,NULL,NULL,NULL,NULL,NULL,'2014-11-04 16:37:42','2014-11-04 16:37:42'),(194,'Red Hunting Drill','CONSTANT:  Once per combat when you deal critical damage, you may search your opponent\'s Life Deck for a card and destroy it.',1,5,3,44,1,NULL,NULL,NULL,NULL,NULL,NULL,NULL,NULL,NULL,NULL,NULL,NULL,NULL,NULL,NULL,'2014-11-04 16:37:42','2014-11-04 16:37:42'),(195,'Red Back Kick','Physical attack.  DAMAGE:  AT +3 stages.  You may lower your anger 3 levels to stop all energy attacks this combat.',1,5,7,45,1,NULL,NULL,NULL,NULL,NULL,NULL,NULL,NULL,NULL,NULL,NULL,NULL,NULL,NULL,NULL,'2014-11-04 16:37:42','2014-11-04 16:37:42'),(196,'Red Double Strike','Physical attack.  DAMAGE:  AT stages.  Raise your anger 1 level.  This attack stays in play to be used a second time this combat.',1,5,7,46,1,NULL,NULL,NULL,NULL,NULL,NULL,NULL,NULL,NULL,NULL,NULL,NULL,NULL,NULL,NULL,'2014-11-04 16:37:42','2014-11-04 16:37:42'),(197,'Red Duck','ENDURANCE 2.  Stops a physical attack.  Rejuvenate X.  X = your anger level.',1,5,7,47,1,NULL,NULL,NULL,NULL,NULL,NULL,NULL,NULL,NULL,NULL,NULL,NULL,NULL,NULL,NULL,'2014-11-04 16:37:42','2014-11-04 16:37:42'),(198,'Red Flares','(Banish after use.)  Energy attack costing 2 stages.  DAMAGE:  6 life cards.  You may choose for this attack to deal no damage to lower your MP one personality level.',1,5,6,48,1,NULL,NULL,NULL,NULL,NULL,NULL,NULL,NULL,NULL,NULL,NULL,NULL,NULL,NULL,NULL,'2014-11-04 16:37:42','2014-11-04 16:37:42'),(199,'Red Shattering Leap','Physical attack costing 1 stage.  DAMAGE:  AT +4 stages.  HIT:  This attack stays in play to be used a second time this combat.',1,5,7,49,1,NULL,NULL,NULL,NULL,NULL,NULL,NULL,NULL,NULL,NULL,NULL,NULL,NULL,NULL,NULL,'2014-11-04 16:37:42','2014-11-04 16:37:42'),(200,'Red Shoulder Grab','Physical attack.  DAMAGE:  AT +3 stages.  Raise your anger 1 level.  For the remainder of combat, all of your other attacks are considered to deal critical damage.',1,5,7,50,1,NULL,NULL,NULL,NULL,NULL,NULL,NULL,NULL,NULL,NULL,NULL,NULL,NULL,NULL,NULL,'2014-11-04 16:37:42','2014-11-04 16:37:42'),(201,'Saiyan Cheap Shot','ENDURANCE 2.  Energy attack costing 3 stages.  DAMAGE:  6 life cards.  Life card damage from this attack is banished.',1,6,6,51,1,NULL,NULL,NULL,NULL,NULL,NULL,NULL,NULL,NULL,NULL,NULL,NULL,NULL,NULL,NULL,'2014-11-04 16:37:42','2014-11-04 16:37:42'),(202,'Saiyan Energy Focus','Energy attack costing 2 stages.  DAMAGE:  3 life cards.  Choose 3 non-personality/non-Mastery cards in play.  Those cards lose all effects until the end of combat.',1,6,6,52,1,NULL,NULL,NULL,NULL,NULL,NULL,NULL,NULL,NULL,NULL,NULL,NULL,NULL,NULL,NULL,'2014-11-04 16:37:42','2014-11-04 16:37:42'),(203,'Saiyan Clothesline','Physical attack.  DAMAGE:  AT +3 stages.  If the personality performing this attack has a higher power level than the defending personality, this attack\'s base damage is 2 times the AT instead.',1,6,7,53,1,NULL,NULL,NULL,NULL,NULL,NULL,NULL,NULL,NULL,NULL,NULL,NULL,NULL,NULL,NULL,'2014-11-04 16:37:42','2014-11-04 16:37:42'),(204,'Saiyan Energy Toss','Energy attack costing 2 stages.  DAMAGE:  4 life cards.  If the personality performing this attack has a higher power level than the defending personality, raise your anger 1 level and your other attacks this combat deal +2 life cards of damage.',1,6,6,54,1,NULL,NULL,NULL,NULL,NULL,NULL,NULL,NULL,NULL,NULL,NULL,NULL,NULL,NULL,NULL,'2014-11-04 16:37:42','2014-11-04 16:37:42'),(205,'Saiyan Foot Stomp','ENDURANCE 3.  Physical attack.  DAMAGE:  AT +2 stages.  HIT:  Lower your opponent\'s anger 2 levels.',1,6,7,55,1,NULL,NULL,NULL,NULL,NULL,NULL,NULL,NULL,NULL,NULL,NULL,NULL,NULL,NULL,NULL,'2014-11-04 16:37:42','2014-11-04 16:37:42'),(206,'Saiyan Pinpoint Blast','ENDURANCE 1.  Energy attack costing 2 stages.  DAMAGE:  4 life cards.  You may use a critical damage effect.',1,6,6,56,1,NULL,NULL,NULL,NULL,NULL,NULL,NULL,NULL,NULL,NULL,NULL,NULL,NULL,NULL,NULL,'2014-11-04 16:37:42','2014-11-04 16:37:42'),(207,'Saiyan Scouting','(Banish after use.)  ENDURANCE 4.  POWER:  Choose up to two cards from your discard pile and place them on the top of your Life Deck.',1,6,5,57,1,NULL,NULL,NULL,NULL,NULL,NULL,NULL,NULL,NULL,NULL,NULL,NULL,NULL,NULL,NULL,'2014-11-04 16:37:42','2014-11-04 16:37:42'),(208,'Saiyan Supreme Block','Stops an energy attack.  Raise your anger 1 level.  If the personality performing this block has a higher power level than the attacking personality, shuffle this card into your Life Deck after use.',1,6,6,58,1,NULL,NULL,NULL,NULL,NULL,NULL,NULL,NULL,NULL,NULL,NULL,NULL,NULL,NULL,NULL,'2014-11-04 16:37:42','2014-11-04 16:37:42'),(209,'Saiyan Uppercut','Physical attack.  DAMAGE:  5 stages.  If the personality performing this attack has a higher power level than the defending personality, this attack\'s base damage is 7 stages instead.',1,6,7,59,1,NULL,NULL,NULL,NULL,NULL,NULL,NULL,NULL,NULL,NULL,NULL,NULL,NULL,NULL,NULL,'2014-11-04 16:37:42','2014-11-04 16:37:42'),(210,'It\'s Over 9,000!','(You cannot win by MPPV if you use this card.)  POWER:  If your opponent\'s MP\'s power level is over 9,000 both players raise their anger 6 levels.',1,7,5,60,1,NULL,NULL,NULL,NULL,NULL,NULL,NULL,NULL,NULL,NULL,NULL,NULL,NULL,NULL,NULL,'2014-11-04 16:37:42','2014-11-04 16:37:42'),(211,'Namek Dragon Ball 4','Destroy up to 2 Setups or Drills.',1,NULL,2,61,2,NULL,NULL,NULL,NULL,NULL,NULL,NULL,NULL,NULL,NULL,NULL,NULL,NULL,NULL,NULL,'2014-11-04 16:37:42','2014-11-04 16:37:42'),(212,'Namek Dragon Ball 5','Gain 5 stages.  Raise your anger 1 level.  Draw a card.  Rejuvenate 1.',1,NULL,2,62,2,NULL,NULL,NULL,NULL,NULL,NULL,NULL,NULL,NULL,NULL,NULL,NULL,NULL,NULL,NULL,'2014-11-04 16:37:42','2014-11-04 16:37:42'),(213,'Namek Dragon Ball 6','CONSTANT:  Your MP\'s PUR is +3.  Your opponent\'s attacks deal -2 stages of damage.',1,NULL,2,63,2,NULL,NULL,NULL,NULL,NULL,NULL,NULL,NULL,NULL,NULL,NULL,NULL,NULL,NULL,NULL,'2014-11-04 16:37:42','2014-11-04 16:37:42'),(214,'Trunks - Energy Charged','CONSTANT:  When entering combat, look at the top 6 cards of your Life Deck and put them back in any order.  Draw a card.',1,NULL,8,64,2,1,7,3,4,0,5000,10000,25000,50000,100000,300000,500000,700000,900000,1100000,'2014-11-04 16:37:42','2014-11-04 16:37:42'),(215,'Trunks - Young Super Saiyan','CONSTANT:  When entering combat, look at the top 6 cards of a player\'s Life Deck and put them back in any order.',1,NULL,8,65,2,1,7,4,5,0,100000,200000,400000,600000,800000,1000000,1200000,1400000,1500000,1600000,'2014-11-04 16:37:42','2014-11-04 16:37:42'),(216,'Captain Ginyu - Body Change','CONSTANT:  Your \"Ginyu Force\" Allies may mack actions regardless of your MP\'s power stage and they cannot be discarded.  All of your attacks deal +2 life cards of damage.',1,NULL,8,66,2,2,7,3,4,0,5000,10000,20000,40000,60000,80000,100000,125000,150000,175000,'2014-11-04 16:37:42','2014-11-04 16:37:42'),(217,'Captain Ginyu - Frog','CONSTANT:  Your Allies may make actions regardless of your MP\'s power stage and they cannot be discarded.  All of your attacks deal +X life cards of damage.  X = the number of Allies you have in play when you perform that attack.',1,NULL,8,67,2,2,7,4,1,0,1,2,3,4,5,6,7,8,9,10,'2014-11-04 16:37:42','2014-11-04 16:37:42'),(218,'Bulma - Genius','(Heroes only.)  CONSTANT:  When Bulma enters play, attach a card from any discard pile to her.  Cards with that title cannot be played.',1,NULL,1,68,2,1,NULL,1,1,0,2,4,6,8,10,12,14,16,18,20,'2014-11-04 16:37:42','2014-11-04 16:37:42'),(219,'ChiChi - Armed and Dangerous','(Heroes only.  If your MP is Goku, Gohan, or Goten, you may use this power regardless of your MP\'s power stage.)  POWER:  Stops a physical attack.',1,NULL,1,69,2,1,NULL,1,1,0,5,10,15,20,25,30,35,40,45,50,'2014-11-04 16:37:42','2014-11-04 16:37:42'),(220,'Yamcha - Action Ready','(Heroes only.)  POWER:  Energy attack costing 1 stage.  DAMAGE:  3 life cards.  HIT:  Shuffle a Setup, Drill or Ally in play into its owner\'s Life Deck.',1,NULL,1,70,2,1,NULL,1,1,0,5000,10000,25000,40000,55000,65000,75000,85000,90000,95000,'2014-11-04 16:37:42','2014-11-04 16:37:42'),(221,'Burter - Ginyu Force','(Villains only.)  CONSTANT:  Your attacks deal +1 stage of damage.  If your MP is \"Captain Ginyu\", your attacks deal +2 stages of damage instead.',1,NULL,1,71,2,2,NULL,1,1,0,125,250,500,1000,2000,4000,8000,16000,32000,64000,'2014-11-04 16:37:42','2014-11-04 16:37:42'),(222,'Burter - Ginyu Force','(Villains only.)  POWER:  Energy attack costing 2 stages.  DAMAGE:  5 life cards.  Raise a player\'s anger 1 level.',1,NULL,1,72,2,2,NULL,1,1,0,1250,2500,5000,15000,25000,35000,45000,55000,60000,65000,'2014-11-04 16:37:42','2014-11-04 16:37:42'),(223,'Black Searching Technique','(Banish after use.)  POWER:  Search your opponent\'s deck for 2 non-Dragon Ball cards and banish them.',1,1,4,73,2,NULL,NULL,NULL,NULL,NULL,NULL,NULL,NULL,NULL,NULL,NULL,NULL,NULL,NULL,NULL,'2014-11-04 16:37:42','2014-11-04 16:37:42'),(224,'Black Adaptation','POWER:  Stops an energy attack.  If that attack was an Energy Combat card, banish it.  Search your opponent\'s discard pile and Life Deck for a copy of that card and banish it.',1,1,5,74,2,NULL,NULL,NULL,NULL,NULL,NULL,NULL,NULL,NULL,NULL,NULL,NULL,NULL,NULL,NULL,'2014-11-04 16:37:42','2014-11-04 16:37:42'),(225,'Black Barrage','Energy attack costing 3 stages.  DAMAGE:  4 life cards.  HIT:  Your opponent pays 5 stages or discards a card from his hand.',1,1,6,75,2,NULL,NULL,NULL,NULL,NULL,NULL,NULL,NULL,NULL,NULL,NULL,NULL,NULL,NULL,NULL,'2014-11-04 16:37:42','2014-11-04 16:37:42'),(226,'Black Delay','ENDURANCE 1.  Stops a physical attack.  If that attack was a Physical Combat card, return it to your opponent\'s hand.  Your opponent discards a random card from his hand.',1,1,7,76,2,NULL,NULL,NULL,NULL,NULL,NULL,NULL,NULL,NULL,NULL,NULL,NULL,NULL,NULL,NULL,'2014-11-04 16:37:42','2014-11-04 16:37:42'),(227,'Black Swerve','Physical attack.  DAMAGE:  AT +3 stages.  Choose up to two Setups in play.  Search your opponent\'s Life Deck for one copy of each and destroy them.',1,1,7,77,2,NULL,NULL,NULL,NULL,NULL,NULL,NULL,NULL,NULL,NULL,NULL,NULL,NULL,NULL,NULL,'2014-11-04 16:37:42','2014-11-04 16:37:42'),(228,'Black Swirl','(Banish after use.)  Energy attack costing 2 stages.  DAMAGE:  4 life cards.  Name a card.  Your opponent cannot play that card for the remainder of combat.  HIT:  Raise your anger 2 levels.',1,1,6,78,2,NULL,NULL,NULL,NULL,NULL,NULL,NULL,NULL,NULL,NULL,NULL,NULL,NULL,NULL,NULL,'2014-11-04 16:37:42','2014-11-04 16:37:42'),(229,'Blue Blockade','POWER:  Stops a physical or energy attack.',1,2,4,79,2,NULL,NULL,NULL,NULL,NULL,NULL,NULL,NULL,NULL,NULL,NULL,NULL,NULL,NULL,NULL,'2014-11-04 16:37:42','2014-11-04 16:37:42'),(230,'Blue Betrayal','Physical attack.  DAMAGE:  AT stages.  Banish an opponent\'s Setup, Drill, or Ally in play.',1,2,7,80,2,NULL,NULL,NULL,NULL,NULL,NULL,NULL,NULL,NULL,NULL,NULL,NULL,NULL,NULL,NULL,'2014-11-04 16:37:42','2014-11-04 16:37:42'),(231,'Blue Farewell','(Limit 1 per deck.  Banish after use.)  POWER:  Shuffle an Ally you control into its owner\'s Life Deck to stop all attacks this combat.',1,2,5,81,2,NULL,NULL,NULL,NULL,NULL,NULL,NULL,NULL,NULL,NULL,NULL,NULL,NULL,NULL,NULL,'2014-11-04 16:37:42','2014-11-04 16:37:42'),(232,'Blue Lunar Ray','(Banish after use.)  Energy attack costing 2 stages.  DAMAGE:  4 life cards.  You may search your discard pile for an Ally and place it into play at 3 power stages above 0.  HIT:  Raise that ally to its highest power stage.',1,2,6,82,2,NULL,NULL,NULL,NULL,NULL,NULL,NULL,NULL,NULL,NULL,NULL,NULL,NULL,NULL,NULL,'2014-11-04 16:37:42','2014-11-04 16:37:42'),(233,'Blue Shifting Maneuver','(Banish after use.)  ENDURANCE 2.  POWER:  Stops a physical or energy attack.  If your current anger is 3 or higher, discard after use instead.',1,2,5,83,2,NULL,NULL,NULL,NULL,NULL,NULL,NULL,NULL,NULL,NULL,NULL,NULL,NULL,NULL,NULL,'2014-11-04 16:37:42','2014-11-04 16:37:42'),(234,'Namekian Wish','(Limit 1 per deck.  Banish after use.)  POWER:  End combat.  Choose X cards in your discard pile and Rejuvenate them.  X = the  number of Dragon Balls in play.',1,3,4,84,2,NULL,NULL,NULL,NULL,NULL,NULL,NULL,NULL,NULL,NULL,NULL,NULL,NULL,NULL,NULL,'2014-11-04 16:37:42','2014-11-04 16:37:42'),(235,'Namekian Finger Lasers','(Banish after use.)  Energy attack costing 1 stage.  DAMAGE:  3 life cards.  Rearrange the top X cards of your discard pile.  X = your PUR +1.  HIT:  Draw the top card of your discard pile.',1,3,6,85,2,NULL,NULL,NULL,NULL,NULL,NULL,NULL,NULL,NULL,NULL,NULL,NULL,NULL,NULL,NULL,'2014-11-04 16:37:42','2014-11-04 16:37:42'),(236,'Namekian Flinch','(If this card is Rejuvenated, search your discard pile for an Ally and place it into play at 3 stages above 0.)  Stops a physical attack.  You may shuffle a Dragon Ball in play back into its owner\'s Life Deck.  If your MP is level 3 or higher search your Life Deck for a Dragon Ball and play it.',1,3,7,86,2,NULL,NULL,NULL,NULL,NULL,NULL,NULL,NULL,NULL,NULL,NULL,NULL,NULL,NULL,NULL,'2014-11-04 16:37:42','2014-11-04 16:37:42'),(237,'Namekian Hybrid Defense','POWER:  Stops a physical or energy attack.  Choose X cards in your discard pile and Rejuvenate them.  X = your MP\'s level.',1,3,5,87,2,NULL,NULL,NULL,NULL,NULL,NULL,NULL,NULL,NULL,NULL,NULL,NULL,NULL,NULL,NULL,'2014-11-04 16:37:42','2014-11-04 16:37:42'),(238,'Namekian Targeted Strike','Energy attack costing 2 stages.  DAMAGE:  4 life cards.  HIT:  You may use the effect of a Dragon Ball in play.  If you do, banish this card after use.',1,3,6,88,2,NULL,NULL,NULL,NULL,NULL,NULL,NULL,NULL,NULL,NULL,NULL,NULL,NULL,NULL,NULL,'2014-11-04 16:37:42','2014-11-04 16:37:42'),(239,'Namekian Zone Pressure','Physical attack.  DAMAGE:  AT +3 stages.  You may shuffle a Dragon Ball you control back into its owner\'s Life Deck.  If you, banish a Setup or Drill in play.',1,3,7,89,2,NULL,NULL,NULL,NULL,NULL,NULL,NULL,NULL,NULL,NULL,NULL,NULL,NULL,NULL,NULL,'2014-11-04 16:37:42','2014-11-04 16:37:42'),(240,'Orange Empowered Drill','ENDURANCE 2.  CONSTANT:  Your MP\'s PUR is +1.  At the beginning of your turn, banish the bottom 3 cards of your opponent\'s discard pile.',1,4,3,90,2,NULL,NULL,NULL,NULL,NULL,NULL,NULL,NULL,NULL,NULL,NULL,NULL,NULL,NULL,NULL,'2014-11-04 16:37:42','2014-11-04 16:37:42'),(241,'Orange Energy Phasing Drill','CONSTANT:  Whenever you perform a successful energy attack, you may have it deal -2 life cards of damage.  If you do, destroy a Setup or Drill.',1,4,3,91,2,NULL,NULL,NULL,NULL,NULL,NULL,NULL,NULL,NULL,NULL,NULL,NULL,NULL,NULL,NULL,'2014-11-04 16:37:42','2014-11-04 16:37:42'),(242,'Orange Escape','(Banish after use.)  POWER:  You may play a Drill from your hand to end combat.',1,4,4,92,2,NULL,NULL,NULL,NULL,NULL,NULL,NULL,NULL,NULL,NULL,NULL,NULL,NULL,NULL,NULL,'2014-11-04 16:37:42','2014-11-04 16:37:42'),(243,'Orange Inspection','(Banish after use.)  POWER:  Destroy an opponent\'s Setup or Drill to draw a card.',1,4,5,93,2,NULL,NULL,NULL,NULL,NULL,NULL,NULL,NULL,NULL,NULL,NULL,NULL,NULL,NULL,NULL,'2014-11-04 16:37:42','2014-11-04 16:37:42'),(244,'Orange Offensive Strike','(Banish after use.)  Energy attack costing 1 stage.  DAMAGE:  2 life cards.  Search your Life Deck for a copy of \"Orange Offensive Strike\" and place it into your hand.',1,4,6,94,2,NULL,NULL,NULL,NULL,NULL,NULL,NULL,NULL,NULL,NULL,NULL,NULL,NULL,NULL,NULL,'2014-11-04 16:37:42','2014-11-04 16:37:42'),(245,'Orange Overhead Smash','(Banish after use.)  Physical attack.  DAMAGE:  AT +3 stages.  If you have at least 5 Drills in play this attack deals an additional +7 life cards of damage.  HIT:  Shuffle all Drills in your discard pile into your Life Deck.',1,4,7,95,2,NULL,NULL,NULL,NULL,NULL,NULL,NULL,NULL,NULL,NULL,NULL,NULL,NULL,NULL,NULL,'2014-11-04 16:37:42','2014-11-04 16:37:42'),(246,'Red Despair Drill','(Limit 1 per deck.)  CONSTANT:  Your attacks deal +X life cards of damage.  X = your current anger level when you perform that attack.',1,5,3,96,2,NULL,NULL,NULL,NULL,NULL,NULL,NULL,NULL,NULL,NULL,NULL,NULL,NULL,NULL,NULL,'2014-11-04 16:37:42','2014-11-04 16:37:42'),(247,'Red Escape','(You cannot win by MPPV the turn you play this card.)  Stops an energy attack.  Advance your MP one personality level.  Lower your MP one personality level at the end of combat.',1,5,6,97,2,NULL,NULL,NULL,NULL,NULL,NULL,NULL,NULL,NULL,NULL,NULL,NULL,NULL,NULL,NULL,'2014-11-04 16:37:42','2014-11-04 16:37:42'),(248,'Red Jump Kick','(Banish after use.)  Physical attack.  DAMAGE:  AT +2 stages.  HIT:  Lower both players\' MPs one personality level.',1,5,7,98,2,NULL,NULL,NULL,NULL,NULL,NULL,NULL,NULL,NULL,NULL,NULL,NULL,NULL,NULL,NULL,'2014-11-04 16:37:42','2014-11-04 16:37:42'),(249,'Red Lightning Slash','Physical attack.  DAMAGE:  AT stages.  Raise your anger 1 level.  HIT:  You may lower your anger 2 levels to destroy all of your opponent\'s Allies or all of his Drills.',1,5,7,99,2,NULL,NULL,NULL,NULL,NULL,NULL,NULL,NULL,NULL,NULL,NULL,NULL,NULL,NULL,NULL,'2014-11-04 16:37:42','2014-11-04 16:37:42'),(250,'Red Power Punch','ENDURANCE 2.  Physical attack.  DAMAGE:  AT +3 stages.  HIT:  Search your Life Deck for a Styled Drill and place it into play.',1,5,7,100,2,NULL,NULL,NULL,NULL,NULL,NULL,NULL,NULL,NULL,NULL,NULL,NULL,NULL,NULL,NULL,'2014-11-04 16:37:42','2014-11-04 16:37:42'),(251,'Red Shielded Strike','ENDURANCE 2.  Physical attack.  DAMAGE:  AT +3 stages.  You may lower your anger 3 levels to stop all physical attacks this combat.',1,5,7,101,2,NULL,NULL,NULL,NULL,NULL,NULL,NULL,NULL,NULL,NULL,NULL,NULL,NULL,NULL,NULL,'2014-11-04 16:37:42','2014-11-04 16:37:42'),(252,'Saiyan Domination','Energy attack costing 2 stages.  DAMAGE:  4 life cards.  If the personality performing this attack has a higher power level than the defending personality, your opponent cannot play Events this combat.',1,6,6,102,2,NULL,NULL,NULL,NULL,NULL,NULL,NULL,NULL,NULL,NULL,NULL,NULL,NULL,NULL,NULL,'2014-11-04 16:37:42','2014-11-04 16:37:42'),(253,'Saiyan Gut Kick','Physical attack.  DAMAGE:  AT +4 stages.  Your opponent skips his next action this combat.',1,6,7,103,2,NULL,NULL,NULL,NULL,NULL,NULL,NULL,NULL,NULL,NULL,NULL,NULL,NULL,NULL,NULL,'2014-11-04 16:37:42','2014-11-04 16:37:42'),(254,'Saiyan Multi-blast','(Banish after use.)  Energy attack costing 2 stages.  DAMAGE:  3 life cards.  HIT:  Draw a card.',1,6,6,104,2,NULL,NULL,NULL,NULL,NULL,NULL,NULL,NULL,NULL,NULL,NULL,NULL,NULL,NULL,NULL,'2014-11-04 16:37:42','2014-11-04 16:37:42'),(255,'Saiyan Surprise','Physical attack.  DAMAGE:  AT +3 stages.  If the personality performing this attack has a higher power level than the defending personality, destroy up to 2 of your opponent\'s Allies.',1,6,7,105,2,NULL,NULL,NULL,NULL,NULL,NULL,NULL,NULL,NULL,NULL,NULL,NULL,NULL,NULL,NULL,'2014-11-04 16:37:42','2014-11-04 16:37:42'),(256,'Saiyan Wrist Block','Stops a physical attack.  Your opponent\'s MP loses 3 stages.',1,6,7,106,2,NULL,NULL,NULL,NULL,NULL,NULL,NULL,NULL,NULL,NULL,NULL,NULL,NULL,NULL,NULL,'2014-11-04 16:37:42','2014-11-04 16:37:42'),(257,'Visiting the Past','(Limit 2 per deck.  Banish after use.)  POWER:  Use when entering combat.  Search your discard pile for a card and place it into your hand.  If you have more than 3 cards in your hand, place a card from your hand at the bottom of your Life Deck.',1,7,4,107,2,NULL,NULL,NULL,NULL,NULL,NULL,NULL,NULL,NULL,NULL,NULL,NULL,NULL,NULL,NULL,'2014-11-04 16:37:42','2014-11-04 16:37:42'),(258,'Battle Pausing','(Limit 2 per deck.  Banish after use.)  POWER:  Banish a card from your hand to draw the top 2 cards of your discard pile.  Your opponent gains 5 stages.',1,7,5,108,2,NULL,NULL,NULL,NULL,NULL,NULL,NULL,NULL,NULL,NULL,NULL,NULL,NULL,NULL,NULL,'2014-11-04 16:37:42','2014-11-04 16:37:42'),(259,'Blinding Energy Move','(Limit 2 per deck.  You must banish the top 2 cards of your Life Deck to play this card.)  Energy attack.  DAMAGE:  3 life cards.  At the beginning of the next action this combat, end combat.',1,7,6,109,2,NULL,NULL,NULL,NULL,NULL,NULL,NULL,NULL,NULL,NULL,NULL,NULL,NULL,NULL,NULL,'2014-11-04 16:37:42','2014-11-04 16:37:42'),(260,'Devastating Blow','Physical attack.  DAMAGE:  AT +1 stage.  Raise your anger 1 level.  Lower your opponent\'s anger 2 levels.  Choose 3 cards in your opponent\'s discard pile and banish them.',1,7,7,110,2,NULL,NULL,NULL,NULL,NULL,NULL,NULL,NULL,NULL,NULL,NULL,NULL,NULL,NULL,NULL,'2014-11-04 16:37:42','2014-11-04 16:37:42'),(261,'Empowered Flying Kick','Physical attack.  DAMAGE:  AT +2 stages.  Both players set their anger level to 2.',1,7,7,111,2,NULL,NULL,NULL,NULL,NULL,NULL,NULL,NULL,NULL,NULL,NULL,NULL,NULL,NULL,NULL,'2014-11-04 16:37:42','2014-11-04 16:37:42'),(262,'Enraged Blast','(Banish after use.)  Energy attack costing 3 stages.  DAMAGE:  4 life cards.  Raise your anger 2 levels.',1,7,6,112,2,NULL,NULL,NULL,NULL,NULL,NULL,NULL,NULL,NULL,NULL,NULL,NULL,NULL,NULL,NULL,'2014-11-04 16:37:42','2014-11-04 16:37:42'),(263,'Overpowering Attack','Energy attack costing 2 stages.  DAMAGE:  5 life cards.  Search your Life Deck or discard pile for an Ally and place it into play at 5 stages above 0.',1,7,6,113,2,NULL,NULL,NULL,NULL,NULL,NULL,NULL,NULL,NULL,NULL,NULL,NULL,NULL,NULL,NULL,'2014-11-04 16:37:42','2014-11-04 16:37:42'),(264,'Quickness Drill','(Limit 1 per deck.)  When entering combat, you may discard a card from your hand to place the bottom card of your discard pile into your hand.',1,7,3,114,2,NULL,NULL,NULL,NULL,NULL,NULL,NULL,NULL,NULL,NULL,NULL,NULL,NULL,NULL,NULL,'2014-11-04 16:37:42','2014-11-04 16:37:42'),(265,'Frieza\'s Captive Strike','(If this card is discarded from your hand by a card effect, you may raise or lower a player\'s anger 1 level.)  Physical attack.  DAMAGE:  AT stages.',1,7,7,115,2,NULL,6,NULL,NULL,NULL,NULL,NULL,NULL,NULL,NULL,NULL,NULL,NULL,NULL,NULL,'2014-11-04 16:37:42','2014-11-04 16:37:42'),(266,'Gohan\'s Power Punch','Physical attack.  DAMAGE:  AT +5 stages.  Raise your anger 2 levels.  If you advance a personality level with this card, this attack cannot be stopped.',1,7,7,116,2,NULL,2,NULL,NULL,NULL,NULL,NULL,NULL,NULL,NULL,NULL,NULL,NULL,NULL,NULL,'2014-11-04 16:37:42','2014-11-04 16:37:42'),(267,'Goku\'s Kaio-Ken','(You cannot win by MPPV if you use this card.)  POWER:  Destroy the top 3 cards of your deck.  Raise your anger 6 levels.',1,7,1,117,2,NULL,1,NULL,NULL,NULL,NULL,NULL,NULL,NULL,NULL,NULL,NULL,NULL,NULL,NULL,'2014-11-04 16:37:42','2014-11-04 16:37:42'),(268,'Krillin\'s Solar Flare','Energy attack costing 2 stages.  DAMAGE:  4 life cards.  HIT:  Your opponent passes for his next action this turn.',1,7,6,118,2,NULL,3,NULL,NULL,NULL,NULL,NULL,NULL,NULL,NULL,NULL,NULL,NULL,NULL,NULL,'2014-11-04 16:37:42','2014-11-04 16:37:42'),(269,'Piccolo\'s Weighted Clothing','(If this card is in your discard pile, you may banish it as an action to raise your anger 2 levels.)  POWER:  Use when entering combat as the defender.  Your opponent skips his first action this combat.  Gain X stages.  X = your PUR.',1,7,5,119,2,NULL,4,NULL,NULL,NULL,NULL,NULL,NULL,NULL,NULL,NULL,NULL,NULL,NULL,NULL,'2014-11-04 16:37:42','2014-11-04 16:37:42'),(270,'Vegeta\'s Anger','(You may have only one \"Vegeta\'s Anger\" attached.)  POWER:  Attach to your MP.  Draw a card.  CONSTANT:  While attached, your MP is considered to have a higher power level than the defending personality for your card effects.',1,7,5,120,2,NULL,5,NULL,NULL,NULL,NULL,NULL,NULL,NULL,NULL,NULL,NULL,NULL,NULL,NULL,'2014-11-04 16:37:42','2014-11-04 16:37:42'),(271,'Namek Dragon Ball 7','Choose 3 cards from your discard pile and place them on top of your Life Deck.  Destroy the top 3 cards of your opponent\'s Life Deck.',1,NULL,2,121,3,NULL,NULL,NULL,NULL,NULL,NULL,NULL,NULL,NULL,NULL,NULL,NULL,NULL,NULL,NULL,'2014-11-04 16:37:42','2014-11-04 16:37:42'),(272,'Black Devious Mastery','CONSTANT:  All of your attacks deal +1 power stage and +1 life card of damage.  POWER:  Discard a card from your hand to banish the bottom 2 cards of your opponent\'s discard pile.  If you discarded a Styled card, your opponent discards a card from his hand.',1,1,9,122,3,NULL,NULL,NULL,NULL,NULL,NULL,NULL,NULL,NULL,NULL,NULL,NULL,NULL,NULL,NULL,'2014-11-04 16:37:42','2014-11-04 16:37:42'),(273,'Black Mischievous Drill','(Limit 1 per deck.)  CONSTANT:  Whenever your opponent plays a Setup or Drill, you may destroy the top 4 cards of your Life Deck.  If you do, banish that Setup or Drill.',1,1,3,123,3,NULL,NULL,NULL,NULL,NULL,NULL,NULL,NULL,NULL,NULL,NULL,NULL,NULL,NULL,NULL,'2014-11-04 16:37:42','2014-11-04 16:37:42'),(274,'Black Disorienting Blow','(Banish after use.)  Physical attack.  DAMAGE:  AT stages.  HIT:  Search your opponent\'s Life Deck for a non-attack Event and play it.',1,1,7,124,3,NULL,NULL,NULL,NULL,NULL,NULL,NULL,NULL,NULL,NULL,NULL,NULL,NULL,NULL,NULL,'2014-11-04 16:37:42','2014-11-04 16:37:42'),(275,'Black Reflection','(Banish after use.)  POWER:  Search your opponent\'s Banished Zone for an attack card and play it.',1,1,5,125,3,NULL,NULL,NULL,NULL,NULL,NULL,NULL,NULL,NULL,NULL,NULL,NULL,NULL,NULL,NULL,'2014-11-04 16:37:42','2014-11-04 16:37:42'),(276,'Black Scout Maneuver','(Banish after use.)  POWER:  Name a Physical Combat, Energy Combat or Event card.  Your opponent searches his Life Deck for all copies of that card and banishes them.',1,1,4,126,3,NULL,NULL,NULL,NULL,NULL,NULL,NULL,NULL,NULL,NULL,NULL,NULL,NULL,NULL,NULL,'2014-11-04 16:37:42','2014-11-04 16:37:42'),(277,'Blue Protective Mastery','CONSTANT:  Your opponent needs 6 anger to advance a personality level.  POWER:  You may discard a Physical Combat card from your hand to stop an energy attack or an Energy Combat card to stop a physical attack.  If you discarded a Blue Styled card, you may raise or lower a player\'s anger 1 level.',1,2,9,127,3,NULL,NULL,NULL,NULL,NULL,NULL,NULL,NULL,NULL,NULL,NULL,NULL,NULL,NULL,NULL,'2014-11-04 16:37:42','2014-11-04 16:37:42'),(278,'Blue Lunge','ENDURANCE 2.  Physical attack.  DAMAGE:  AT +5 stages.  Search the top 5 cards of your Life Deck for a Setup or Drill and place it into play.  Put the remaining cards at the bottom of your Life Deck in any order.',1,2,7,128,3,NULL,NULL,NULL,NULL,NULL,NULL,NULL,NULL,NULL,NULL,NULL,NULL,NULL,NULL,NULL,'2014-11-04 16:37:42','2014-11-04 16:37:42'),(279,'Blue Terror','(Limit 1 per deck.  Banish after use.)  Energy attack costing 2 stages.  DAMAGE:  3 life cards.  Search your Life Deck for a non-Dragon Ball card and place it into your hand.',1,2,6,129,3,NULL,NULL,NULL,NULL,NULL,NULL,NULL,NULL,NULL,NULL,NULL,NULL,NULL,NULL,NULL,'2014-11-04 16:37:42','2014-11-04 16:37:42'),(280,'Blue Trapped Strike','(Banish after use.)  Physical attack.  DAMAGE:  AT +3 stages.  If you control a Dragon Ball, this attack stays in play to be used a second time this combat.  Raise or lower a player\'s anger 1 level.',1,2,7,130,3,NULL,NULL,NULL,NULL,NULL,NULL,NULL,NULL,NULL,NULL,NULL,NULL,NULL,NULL,NULL,'2014-11-04 16:37:42','2014-11-04 16:37:42'),(281,'Namekian Knowledge Mastery','CONSTANT:  Whenever you Rejuvenate or shuffle cards into your Life Deck, raise your anger 1 level.  Whenever a Dragon Ball enters play, your opponent destroys the top card of his Life Deck.  While you control 1 Dragon Ball, it cannot be captured by a critical damage effect.',1,3,9,131,3,NULL,NULL,NULL,NULL,NULL,NULL,NULL,NULL,NULL,NULL,NULL,NULL,NULL,NULL,NULL,'2014-11-04 16:37:42','2014-11-04 16:37:42'),(282,'Namekian Dragon Clan','(Limit 1 per deck.  Banish after use.)  POWER:  Search your Life Deck for a Dragon Ball and play it.  If your MP is level 4, search your Life Deck for 2 Dragon Balls instead.',1,3,4,132,3,NULL,NULL,NULL,NULL,NULL,NULL,NULL,NULL,NULL,NULL,NULL,NULL,NULL,NULL,NULL,'2014-11-04 16:37:42','2014-11-04 16:37:42'),(283,'Namekian Overtime','(Banish after use.)  POWER:  Rejuvenate 1.  Destroy the top X cards of your opponent\'s Life Deck.  X = the number of Dragon Balls you control.  Search your Life Deck for a Styled Energy Combat card and place it into your hand.',1,3,5,133,3,NULL,NULL,NULL,NULL,NULL,NULL,NULL,NULL,NULL,NULL,NULL,NULL,NULL,NULL,NULL,'2014-11-04 16:37:42','2014-11-04 16:37:42'),(284,'Namekian Palm Shots','(Banish after use.)  Energy attack costing 1 stage.  DAMAGE:  3 life cards.  HIT:  Draw the bottom card of your Life Deck and you may shuffle a Dragon Ball in play back into its owner\'s Life Deck to search your Life Deck for a Dragon Ball and place it into play.',1,3,6,134,3,NULL,NULL,NULL,NULL,NULL,NULL,NULL,NULL,NULL,NULL,NULL,NULL,NULL,NULL,NULL,'2014-11-04 16:37:42','2014-11-04 16:37:42'),(285,'Namekian Planned Attack','(Banish after use.)  Energy attack costing 2 stages.  DAMAGE:  4 life cards.  HIT:  Search your Life Deck for a Dragon Ball and place it into play.',1,3,6,135,3,NULL,NULL,NULL,NULL,NULL,NULL,NULL,NULL,NULL,NULL,NULL,NULL,NULL,NULL,NULL,'2014-11-04 16:37:42','2014-11-04 16:37:42'),(286,'Orange Adaptive Mastery','CONSTANT:  Your Drills are not discarded when you advance or lower a personality level.  Your energy attacks deal +1 life card of damage.  At the end of any combat in which you used a critical damage effect, search your discard pile for a Styled Drill and place it into play.',1,4,9,136,3,NULL,NULL,NULL,NULL,NULL,NULL,NULL,NULL,NULL,NULL,NULL,NULL,NULL,NULL,NULL,'2014-11-04 16:37:42','2014-11-04 16:37:42'),(287,'Orange Focusing Drill','CONSTANT:  Your opponent\'s card effects cannot banish or destroy your Drills in play except for \"Orange Focusing Drill\".',1,4,3,137,3,NULL,NULL,NULL,NULL,NULL,NULL,NULL,NULL,NULL,NULL,NULL,NULL,NULL,NULL,NULL,'2014-11-04 16:37:42','2014-11-04 16:37:42'),(288,'Orange Searching Maneuver','Physical attack.  DAMAGE:  AT stages.  Search your Life Deck for a Drill and place it into play at the end of combat.',1,4,7,138,3,NULL,NULL,NULL,NULL,NULL,NULL,NULL,NULL,NULL,NULL,NULL,NULL,NULL,NULL,NULL,'2014-11-04 16:37:42','2014-11-04 16:37:42'),(289,'Orange Uppercut','(Banish after use.)  Physical attack.  DAMAGE:  AT +4 stages.  You may pay 2 power stages to search your Life Deck for an Energy Combat card and place it into your hand.',1,4,7,139,3,NULL,NULL,NULL,NULL,NULL,NULL,NULL,NULL,NULL,NULL,NULL,NULL,NULL,NULL,NULL,'2014-11-04 16:37:42','2014-11-04 16:37:42'),(290,'Red Enraged Mastery','CONSTANT:  Whenever you use a critical damage effect, raise your anger 1 level.  Whenever you advance a personality level, draw a card and then discard a card from your hand.  Whenever you lower a personality level, you may draw a card.',1,5,9,140,3,NULL,NULL,NULL,NULL,NULL,NULL,NULL,NULL,NULL,NULL,NULL,NULL,NULL,NULL,NULL,'2014-11-04 16:37:42','2014-11-04 16:37:42'),(291,'Red Forward Stance Drill','POWER:  You may lower your anger 1 level to stop a physical or energy attack.',1,5,3,141,3,NULL,NULL,NULL,NULL,NULL,NULL,NULL,NULL,NULL,NULL,NULL,NULL,NULL,NULL,NULL,'2014-11-04 16:37:42','2014-11-04 16:37:42'),(292,'Red Heel Kick','(Banish after use.)  Physical attack.  DAMAGE:  AT +2 stages.  Raise your anger 1 level.  You may lower your anger 2 levels to choose a Styled attack in your discard pile except \"Red Heel Kick\" and place it into your hand.',1,5,7,142,3,NULL,NULL,NULL,NULL,NULL,NULL,NULL,NULL,NULL,NULL,NULL,NULL,NULL,NULL,NULL,'2014-11-04 16:37:42','2014-11-04 16:37:42'),(293,'Red Left Bolt','(Banish after use.)  Energy attack costing 3 stages.  DAMAGE:  5 life cards.  Damage from this attack is banished.  Draw the bottom card of your Life Deck.',1,5,6,143,3,NULL,NULL,NULL,NULL,NULL,NULL,NULL,NULL,NULL,NULL,NULL,NULL,NULL,NULL,NULL,'2014-11-04 16:37:42','2014-11-04 16:37:42'),(294,'Red Observation','(Limit 1 per deck.)  POWER:  Your MP pays 5 power stages to destroy all Allies, Setups, and Drills.  Lower your MP to his 0 power stage.  Raise your anger 1 level.',1,5,5,144,3,NULL,NULL,NULL,NULL,NULL,NULL,NULL,NULL,NULL,NULL,NULL,NULL,NULL,NULL,NULL,'2014-11-04 16:37:42','2014-11-04 16:37:42'),(295,'Saiyan Empowered Mastery','CONSTANT:  You cannot win by MPPV.  All of your Saiyan Style attacks gain, \"Raise your anger 1 level.  HIT:  Gain 3 power stages.\"  Whenever you Rejuvenate a Saiyan Style card, raise your anger 1 level.',1,6,9,145,3,NULL,NULL,NULL,NULL,NULL,NULL,NULL,NULL,NULL,NULL,NULL,NULL,NULL,NULL,NULL,'2014-11-04 16:37:42','2014-11-04 16:37:42'),(296,'Saiyan Acute Rapid Slam','Physical attack.  DAMAGE:  AT +5 stages.  For the remainder of combat, your Physical Combat and Energy Combat attacks that are not banished after use are placed at the bottom of your Life Deck after use.',1,6,7,146,3,NULL,NULL,NULL,NULL,NULL,NULL,NULL,NULL,NULL,NULL,NULL,NULL,NULL,NULL,NULL,'2014-11-04 16:37:42','2014-11-04 16:37:42'),(297,'Saiyan Elbow Drop','(Banish after use.)  Physical attack costing 1 stage.  DAMAGE:  AT +3 stages.  This attack stays in play to be used a second time this combat.',1,6,7,147,3,NULL,NULL,NULL,NULL,NULL,NULL,NULL,NULL,NULL,NULL,NULL,NULL,NULL,NULL,NULL,'2014-11-04 16:37:42','2014-11-04 16:37:42'),(298,'Saiyan Power Up','(Banish after use.)  POWER:  Your MP gains 6 stages.  Draw the bottom card of your discard pile.',1,6,4,148,3,NULL,NULL,NULL,NULL,NULL,NULL,NULL,NULL,NULL,NULL,NULL,NULL,NULL,NULL,NULL,'2014-11-04 16:37:42','2014-11-04 16:37:42'),(299,'Dragon Radar','(Limit 1 per deck.  Banish after use.)  POWER:  Search your Life Deck for a Dragon Ball and play it.',1,7,4,149,3,NULL,NULL,NULL,NULL,NULL,NULL,NULL,NULL,NULL,NULL,NULL,NULL,NULL,NULL,NULL,'2014-11-04 16:37:42','2014-11-04 16:37:42'),(300,'Confrontation','(Heroes only.)  POWER:  Look at your opponent\'s hand and choose a card.  Your opponent shuffles that card into his Life Deck.',1,7,5,150,3,NULL,NULL,NULL,NULL,NULL,NULL,NULL,NULL,NULL,NULL,NULL,NULL,NULL,NULL,NULL,'2014-11-04 16:37:42','2014-11-04 16:37:42'),(301,'Stare Down','(Villains only.)  POWER:  Look at your opponent\'s hand and choose a card.  Your opponent discards that card.',1,7,5,151,3,NULL,NULL,NULL,NULL,NULL,NULL,NULL,NULL,NULL,NULL,NULL,NULL,NULL,NULL,NULL,'2014-11-04 16:37:42','2014-11-04 16:37:42'),(302,'Time Is A Warrior\'s Tool','(Limit 1 per deck.)  POWER:  Stops a physical or energy attack.  Stops all of your opponent\'s attacks this combat.',1,7,5,152,3,NULL,NULL,NULL,NULL,NULL,NULL,NULL,NULL,NULL,NULL,NULL,NULL,NULL,NULL,NULL,'2014-11-04 16:37:42','2014-11-04 16:37:42'),(303,'Captain Ginyu\'s Body Switch','(You cannot win by MPPV if you use this card.  Banish after use.)  POWER:  If the power level of your opponent\'s MP is higher than your MP\'s power level, raise your anger 6 levels.  ',1,7,5,153,3,NULL,8,NULL,NULL,NULL,NULL,NULL,NULL,NULL,NULL,NULL,NULL,NULL,NULL,NULL,'2014-11-04 16:37:42','2014-11-04 16:37:42'),(304,'Frieza\'s Supernova','Energy attack costing 3 stages.  DAMAGE:  5 life cards + X life cards.  X = 3 times number of Frieza Named cards in your discard pile.',1,7,6,154,3,NULL,6,NULL,NULL,NULL,NULL,NULL,NULL,NULL,NULL,NULL,NULL,NULL,NULL,NULL,'2014-11-04 16:37:42','2014-11-04 16:37:42'),(305,'Gohan\'s Masenko','(Banish after use.)  Energy attack costing 1 stage.  DAMAGE:  2 life cards + X life cards.  X = 2 times your anger level.',1,7,6,155,3,NULL,2,NULL,NULL,NULL,NULL,NULL,NULL,NULL,NULL,NULL,NULL,NULL,NULL,NULL,'2014-11-04 16:37:42','2014-11-04 16:37:42'),(306,'Goku\'s Kamehameha','Energy attack costing 3 stages.  DAMAGE:  5 life cards.  You may destroy any of your Drills.  This attack does +3 stages for each Drill destroyed.',1,7,6,156,3,NULL,1,NULL,NULL,NULL,NULL,NULL,NULL,NULL,NULL,NULL,NULL,NULL,NULL,NULL,'2014-11-04 16:37:42','2014-11-04 16:37:42'),(307,'Krillin\'s Destructo Disk','Energy attack costing 2 stages.  DAMAGE:  4 life cards.  This attack cannot be stopped or prevented.',1,7,6,157,3,NULL,NULL,NULL,NULL,NULL,NULL,NULL,NULL,NULL,NULL,NULL,NULL,NULL,NULL,NULL,'2014-11-04 16:37:42','2014-11-04 16:37:42'),(308,'Piccolo\'s Special Beam Cannon','Energy attack costing 2 stages.  DAMAGE:  3 life cards.  Rejuvenate 1.  HIT:  Name two different non-Dragon Ball cards.  Search your opponent\'s Life Deck for 1 copy of each card and banish them.',1,7,6,158,3,NULL,4,NULL,NULL,NULL,NULL,NULL,NULL,NULL,NULL,NULL,NULL,NULL,NULL,NULL,'2014-11-04 16:37:42','2014-11-04 16:37:42'),(309,'Trunks\' Sword Slash','(Banish after use.)  Physical attack costing 1 stage.  DAMAGE:  AT +4 stages.  Banish up too 6 cards from a player\'s discard pile.  HIT:  Your next Styled energy attack this combat canot be stopped.',1,7,7,159,3,NULL,7,NULL,NULL,NULL,NULL,NULL,NULL,NULL,NULL,NULL,NULL,NULL,NULL,NULL,'2014-11-04 16:37:42','2014-11-04 16:37:42'),(310,'Vegeta\'s Galick Gun','Energy attack costing 2 stages.  DAMAGE:  6 life cards.  Damage from this attack cannot be prevented.  If you deal critical damage with this attack, you may use two critical effects instead of one.  Raise your anger 1 level.',1,7,6,160,3,NULL,5,NULL,NULL,NULL,NULL,NULL,NULL,NULL,NULL,NULL,NULL,NULL,NULL,NULL,'2014-11-04 16:37:42','2014-11-04 16:37:42'),(311,'Heroic Plan','(Heroes only.  Limit 1 per deck.  Banish after use.)  POWER:  Search your Life Deck for a Setup, Drill, or Ally and place it into play.',1,7,4,161,4,1,NULL,NULL,NULL,NULL,NULL,NULL,NULL,NULL,NULL,NULL,NULL,NULL,NULL,NULL,'2014-11-04 16:37:42','2014-11-04 16:37:42'),(312,'Villainous Visage','(Villains only.  Limit 1 per deck.  Banish after use.)  POWER:  Use after you take damage from an attack.  Your opponent destroys the top X cards of his Life Deck.  X = twice the amount of life card damage that attack dealt.',1,7,4,162,4,2,NULL,NULL,NULL,NULL,NULL,NULL,NULL,NULL,NULL,NULL,NULL,NULL,NULL,NULL,'2014-11-04 16:37:42','2014-11-04 16:37:42'),(313,'Heroic Energy Sphere','(Heroes only.)  POWER:  Use when an Event is played.  Cancel the effects of that card.  Rejuvenate 1.',1,7,5,163,4,1,NULL,NULL,NULL,NULL,NULL,NULL,NULL,NULL,NULL,NULL,NULL,NULL,NULL,NULL,'2014-11-04 16:37:42','2014-11-04 16:37:42'),(314,'Villainous Energy Sphere','(Villains only.)  POWER:  Use when an Event is played.  Cancel the effects of that card.  Your opponent destroys the top card of his Life Deck.',1,7,5,164,4,2,NULL,NULL,NULL,NULL,NULL,NULL,NULL,NULL,NULL,NULL,NULL,NULL,NULL,NULL,'2014-11-04 16:37:42','2014-11-04 16:37:42'),(315,'Vegeta - Prince of Saiyans','CONSTANT:  Your attacks gain \"HIT:  Raise your anger 1 level.\"',1,NULL,8,1,6,2,5,1,2,0,250,500,1000,2000,3000,4000,5000,6000,8000,10000,'2014-11-04 16:37:42','2014-11-04 16:37:42'),(316,'Goku - Protector of Earth','POWER:  Energy attack costing 2 stages.  DAMAGE:  3 life cards.  HIT:  You may discard a card from your hand to search your Life Deck for a Styled Drill and place it into play.',1,NULL,8,2,6,1,1,1,2,0,500,1000,2000,3000,4000,5000,6000,7000,8000,9001,'2014-11-04 16:37:42','2014-11-04 16:37:42'),(317,'Gohan - Resilient Child','CONSTANT:  When you perform a Styled attack you may destroy up to 2 cards from the top of your Life Deck.  That attack deals +X life cards.  X = the number of cards destroyed.',1,NULL,8,3,6,1,2,1,2,0,200,400,600,800,1000,1500,2000,2500,3000,3500,'2014-11-04 16:37:42','2014-11-04 16:37:42'),(318,'Krillin - Ready','Energy attack costing 2 stages.  DAMAGE:  4 life cards.  The next time a card is discarded from a hand this combat, use a critical damage effect.',1,NULL,8,4,6,1,3,1,3,0,400,800,1200,1600,2000,2400,2800,3200,3600,4000,'2014-11-04 16:37:42','2014-11-04 16:37:42'),(319,'Goku - Super Saiyan God','POWER:  Destroy the top card of your Life Deck to draw a card.',1,NULL,8,5,6,1,1,1,2,0,5000,10000,25000,50000,100000,250000,500000,1000000,10000000,100000000,'2014-11-04 16:37:42','2014-11-04 16:37:42'),(320,'Piccolo - Stoic','POWER:  Energy attack costing 1 stage.  DAMAGE:  3 life cards.  Rejuvenate 1.',1,NULL,8,6,6,1,4,1,3,0,900,1100,1300,1700,2200,3500,4500,5500,7000,8500,'2014-11-04 16:37:42','2014-11-04 16:37:42'),(321,'Goku\'s Kamehameha','Energy attack costing 3 stages.  DAMAGE:  5 life cards.  You may destroy any of your Drills.  This attack does +3 stages for each Drill destroyed.',1,7,6,7,6,NULL,1,NULL,NULL,NULL,NULL,NULL,NULL,NULL,NULL,NULL,NULL,NULL,NULL,NULL,'2014-11-04 16:37:42','2014-11-04 16:37:42'),(322,'Time Is A Warrior\'s Tool','(Limit 1 per deck.)  POWER:  Stops a physical or energy attack.  Stops all of your opponent\'s attacks this combat.',1,7,5,8,6,NULL,NULL,NULL,NULL,NULL,NULL,NULL,NULL,NULL,NULL,NULL,NULL,NULL,NULL,NULL,'2014-11-04 16:37:42','2014-11-04 16:37:42'),(323,'Vegeta\'s Galick Gun','Energy attack costing 2 stages.  DAMAGE:  6 life cards.  Damage from this attack cannot be prevented.  If you deal critical damage with this attack, you may use two critical effects instead of one.  Raise your anger 1 level.',1,7,6,9,6,NULL,5,NULL,NULL,NULL,NULL,NULL,NULL,NULL,NULL,NULL,NULL,NULL,NULL,NULL,'2014-11-04 16:37:42','2014-11-04 16:37:42'),(324,'Confrontation','(Heroes only.)  POWER:  Look at your opponent\'s hand and choose a card.  Your opponent shuffles that card into his Life Deck.',1,7,5,10,6,1,NULL,NULL,NULL,NULL,NULL,NULL,NULL,NULL,NULL,NULL,NULL,NULL,NULL,NULL,'2014-11-04 16:37:42','2014-11-04 16:37:42'),(325,'Trunks\' Sword Slash','(Banish after use.)  Physical attack costing 1 stage.  DAMAGE:  AT +4 stages.  Banish up to 6 cards from a player\'s discard pile.  HIT:  Your next Styled energy attack this combat canot be stopped.',1,7,7,11,6,NULL,7,NULL,NULL,NULL,NULL,NULL,NULL,NULL,NULL,NULL,NULL,NULL,NULL,NULL,'2014-11-04 16:37:42','2014-11-04 16:37:42'),(326,'Stare Down','(Villains only.)  POWER:  Look at your opponent\'s hand and choose a card.  Your opponent discards that card.',1,7,5,12,6,2,NULL,NULL,NULL,NULL,NULL,NULL,NULL,NULL,NULL,NULL,NULL,NULL,NULL,NULL,'2014-11-04 16:37:42','2014-11-04 16:37:42'),(327,'Frieza - Tyrant','CONSTANT:  When you stop an attack, you may raise your anger 1 level.',1,7,8,13,6,2,6,1,2,0,450,900,4500,9000,19000,34000,49000,64000,79000,94000,'2014-11-04 16:37:42','2014-11-04 16:37:42'),(328,'Gohan\'s Masenko','(Banish after use.)  Energy attack costing 1 stage.  DAMAGE:  2 life cards + X life cards.  X = 2 times your anger level.',1,7,6,14,6,NULL,2,NULL,NULL,NULL,NULL,NULL,NULL,NULL,NULL,NULL,NULL,NULL,NULL,NULL,'2014-11-04 16:37:42','2014-11-04 16:37:42'),(329,'Frieza\'s Supernova','Energy attack costing 3 stages.  DAMAGE:  5 life cards + X life cards.  X = 3 times number of Frieza Named cards in your discard pile.',1,7,6,15,6,NULL,6,NULL,NULL,NULL,NULL,NULL,NULL,NULL,NULL,NULL,NULL,NULL,NULL,NULL,'2014-11-04 16:37:42','2014-11-04 16:37:42'),(330,'Black Scout Maneuver','(Banish after use.)  POWER:  Name a Physical Combat, Energy Combat or Event card.  Your opponent searches his Life Deck for all copies of that card and banishes them.',1,1,5,16,6,NULL,NULL,NULL,NULL,NULL,NULL,NULL,NULL,NULL,NULL,NULL,NULL,NULL,NULL,NULL,'2014-11-04 16:37:42','2014-11-04 16:37:42'),(331,'Piccolo\'s Special Beam Cannon','Energy attack costing 2 stages.  DAMAGE:  3 life cards.  Rejuvenate 1.  HIT:  Name two different non-Dragon Ball cards.  Search your opponent\'s Life Deck for 1 copy of each card and banish them.',1,7,6,17,6,NULL,4,NULL,NULL,NULL,NULL,NULL,NULL,NULL,NULL,NULL,NULL,NULL,NULL,NULL,'2014-11-04 16:37:42','2014-11-04 16:37:42'),(332,'Blue Terror','(Limit 1 per deck.  Banish after use.)  Energy attack costing 2 stages.  DAMAGE:  3 life cards.  Search your Life Deck for a non-Dragon Ball card and place it into your hand.',1,2,6,18,6,NULL,NULL,NULL,NULL,NULL,NULL,NULL,NULL,NULL,NULL,NULL,NULL,NULL,NULL,NULL,'2014-11-04 16:37:42','2014-11-04 16:37:42'),(333,'Captain Ginyu\'s Body Switch','(You cannot win by MPPV if you use this card.  Banish after use.)  POWER:  If the power level of your opponent\'s MP is higher than your MP\'s power level, raise your anger 6 levels.',1,7,5,19,6,NULL,8,NULL,NULL,NULL,NULL,NULL,NULL,NULL,NULL,NULL,NULL,NULL,NULL,NULL,'2014-11-04 16:37:42','2014-11-04 16:37:42'),(334,'Saiyan Power Up','(Banish after use.)  POWER:  Your MP gains 6 stages.  Draw the bottom card of your discard pile.',1,6,4,20,6,NULL,NULL,NULL,NULL,NULL,NULL,NULL,NULL,NULL,NULL,NULL,NULL,NULL,NULL,NULL,'2014-11-04 16:37:42','2014-11-04 16:37:42'),(335,'Krillin\'s Destructo Disk','Energy attack costing 2 stages.  DAMAGE:  4 life cards.  This attack cannot be stopped or prevented.',1,7,6,21,6,NULL,3,NULL,NULL,NULL,NULL,NULL,NULL,NULL,NULL,NULL,NULL,NULL,NULL,NULL,'2014-11-04 16:37:42','2014-11-04 16:37:42');
/*!40000 ALTER TABLE `dbzcards` ENABLE KEYS */;
UNLOCK TABLES;

--
-- Table structure for table `dbzlevels`
--

DROP TABLE IF EXISTS `dbzlevels`;
/*!40101 SET @saved_cs_client     = @@character_set_client */;
/*!40101 SET character_set_client = utf8 */;
CREATE TABLE `dbzlevels` (
  `id` int(10) unsigned NOT NULL AUTO_INCREMENT,
  `title` varchar(255) COLLATE utf8_unicode_ci NOT NULL,
  `created_at` timestamp NOT NULL DEFAULT '0000-00-00 00:00:00',
  `updated_at` timestamp NOT NULL DEFAULT '0000-00-00 00:00:00',
  PRIMARY KEY (`id`)
) ENGINE=InnoDB AUTO_INCREMENT=5 DEFAULT CHARSET=utf8 COLLATE=utf8_unicode_ci;
/*!40101 SET character_set_client = @saved_cs_client */;

--
-- Dumping data for table `dbzlevels`
--

LOCK TABLES `dbzlevels` WRITE;
/*!40000 ALTER TABLE `dbzlevels` DISABLE KEYS */;
INSERT INTO `dbzlevels` VALUES (1,'Level 1','2014-11-04 16:37:42','2014-11-04 16:37:42'),(2,'Level 2','2014-11-04 16:37:42','2014-11-04 16:37:42'),(3,'Level 3','2014-11-04 16:37:42','2014-11-04 16:37:42'),(4,'Level 4','2014-11-04 16:37:42','2014-11-04 16:37:42');
/*!40000 ALTER TABLE `dbzlevels` ENABLE KEYS */;
UNLOCK TABLES;

--
-- Table structure for table `dbzpersonalities`
--

DROP TABLE IF EXISTS `dbzpersonalities`;
/*!40101 SET @saved_cs_client     = @@character_set_client */;
/*!40101 SET character_set_client = utf8 */;
CREATE TABLE `dbzpersonalities` (
  `id` int(10) unsigned NOT NULL AUTO_INCREMENT,
  `title` varchar(255) COLLATE utf8_unicode_ci NOT NULL,
  `alignment_id` int(10) unsigned DEFAULT NULL,
  `personality_type_id` int(10) unsigned NOT NULL,
  `created_at` timestamp NOT NULL DEFAULT '0000-00-00 00:00:00',
  `updated_at` timestamp NOT NULL DEFAULT '0000-00-00 00:00:00',
  PRIMARY KEY (`id`),
  KEY `dbzpersonalities_alignment_id_index` (`alignment_id`),
  KEY `dbzpersonalities_personality_type_id_index` (`personality_type_id`),
  CONSTRAINT `dbzpersonalities_personality_type_id_foreign` FOREIGN KEY (`personality_type_id`) REFERENCES `dbzpersonalitytypes` (`id`) ON DELETE CASCADE,
  CONSTRAINT `dbzpersonalities_alignment_id_foreign` FOREIGN KEY (`alignment_id`) REFERENCES `dbzalignments` (`id`) ON DELETE CASCADE
) ENGINE=InnoDB AUTO_INCREMENT=19 DEFAULT CHARSET=utf8 COLLATE=utf8_unicode_ci;
/*!40101 SET character_set_client = @saved_cs_client */;

--
-- Dumping data for table `dbzpersonalities`
--

LOCK TABLES `dbzpersonalities` WRITE;
/*!40000 ALTER TABLE `dbzpersonalities` DISABLE KEYS */;
INSERT INTO `dbzpersonalities` VALUES (1,'Goku',1,1,'2014-11-04 16:37:42','2014-11-04 16:37:42'),(2,'Gohan',1,1,'2014-11-04 16:37:42','2014-11-04 16:37:42'),(3,'Krillin',1,1,'2014-11-04 16:37:42','2014-11-04 16:37:42'),(4,'Piccolo',1,1,'2014-11-04 16:37:42','2014-11-04 16:37:42'),(5,'Vegeta',2,1,'2014-11-04 16:37:42','2014-11-04 16:37:42'),(6,'Frieza',2,1,'2014-11-04 16:37:42','2014-11-04 16:37:42'),(7,'Trunks',1,1,'2014-11-04 16:37:42','2014-11-04 16:37:42'),(8,'Captain Ginyu',2,1,'2014-11-04 16:37:42','2014-11-04 16:37:42'),(9,'Bulma',1,2,'2014-11-04 16:37:42','2014-11-04 16:37:42'),(10,'ChiChi',1,2,'2014-11-04 16:37:42','2014-11-04 16:37:42'),(11,'Chaozu',1,2,'2014-11-04 16:37:42','2014-11-04 16:37:42'),(12,'Tenshinhan',1,2,'2014-11-04 16:37:42','2014-11-04 16:37:42'),(13,'Yamcha',1,2,'2014-11-04 16:37:42','2014-11-04 16:37:42'),(14,'Nappa',2,2,'2014-11-04 16:37:42','2014-11-04 16:37:42'),(15,'Guldo',2,2,'2014-11-04 16:37:42','2014-11-04 16:37:42'),(16,'Burter',2,2,'2014-11-04 16:37:42','2014-11-04 16:37:42'),(17,'Recome',2,2,'2014-11-04 16:37:42','2014-11-04 16:37:42'),(18,'Jiece',2,2,'2014-11-04 16:37:42','2014-11-04 16:37:42');
/*!40000 ALTER TABLE `dbzpersonalities` ENABLE KEYS */;
UNLOCK TABLES;

--
-- Table structure for table `dbzpersonalitytypes`
--

DROP TABLE IF EXISTS `dbzpersonalitytypes`;
/*!40101 SET @saved_cs_client     = @@character_set_client */;
/*!40101 SET character_set_client = utf8 */;
CREATE TABLE `dbzpersonalitytypes` (
  `id` int(10) unsigned NOT NULL AUTO_INCREMENT,
  `title` varchar(255) COLLATE utf8_unicode_ci NOT NULL,
  `created_at` timestamp NOT NULL DEFAULT '0000-00-00 00:00:00',
  `updated_at` timestamp NOT NULL DEFAULT '0000-00-00 00:00:00',
  PRIMARY KEY (`id`)
) ENGINE=InnoDB AUTO_INCREMENT=3 DEFAULT CHARSET=utf8 COLLATE=utf8_unicode_ci;
/*!40101 SET character_set_client = @saved_cs_client */;

--
-- Dumping data for table `dbzpersonalitytypes`
--

LOCK TABLES `dbzpersonalitytypes` WRITE;
/*!40000 ALTER TABLE `dbzpersonalitytypes` DISABLE KEYS */;
INSERT INTO `dbzpersonalitytypes` VALUES (1,'Main Personality','2014-11-04 16:37:42','2014-11-04 16:37:42'),(2,'Ally','2014-11-04 16:37:42','2014-11-04 16:37:42');
/*!40000 ALTER TABLE `dbzpersonalitytypes` ENABLE KEYS */;
UNLOCK TABLES;

--
-- Table structure for table `dbzrarity`
--

DROP TABLE IF EXISTS `dbzrarity`;
/*!40101 SET @saved_cs_client     = @@character_set_client */;
/*!40101 SET character_set_client = utf8 */;
CREATE TABLE `dbzrarity` (
  `id` int(10) unsigned NOT NULL AUTO_INCREMENT,
  `title` varchar(255) COLLATE utf8_unicode_ci NOT NULL,
  `slug` varchar(255) COLLATE utf8_unicode_ci NOT NULL,
  `created_at` timestamp NOT NULL DEFAULT '0000-00-00 00:00:00',
  `updated_at` timestamp NOT NULL DEFAULT '0000-00-00 00:00:00',
  PRIMARY KEY (`id`)
) ENGINE=InnoDB AUTO_INCREMENT=7 DEFAULT CHARSET=utf8 COLLATE=utf8_unicode_ci;
/*!40101 SET character_set_client = @saved_cs_client */;

--
-- Dumping data for table `dbzrarity`
--

LOCK TABLES `dbzrarity` WRITE;
/*!40000 ALTER TABLE `dbzrarity` DISABLE KEYS */;
INSERT INTO `dbzrarity` VALUES (1,'Common','C','2014-11-04 16:37:42','2014-11-04 16:37:42'),(2,'Uncommon','U','2014-11-04 16:37:42','2014-11-04 16:37:42'),(3,'Rare','R','2014-11-04 16:37:42','2014-11-04 16:37:42'),(4,'Ultra Rare','UR','2014-11-04 16:37:42','2014-11-04 16:37:42'),(5,'Starter','S','2014-11-04 16:37:42','2014-11-04 16:37:42'),(6,'Promo','P','2014-11-04 16:37:42','2014-11-04 16:37:42');
/*!40000 ALTER TABLE `dbzrarity` ENABLE KEYS */;
UNLOCK TABLES;

--
-- Table structure for table `dbzsets`
--

DROP TABLE IF EXISTS `dbzsets`;
/*!40101 SET @saved_cs_client     = @@character_set_client */;
/*!40101 SET character_set_client = utf8 */;
CREATE TABLE `dbzsets` (
  `id` int(10) unsigned NOT NULL AUTO_INCREMENT,
  `title` varchar(255) COLLATE utf8_unicode_ci NOT NULL,
  `created_at` timestamp NOT NULL DEFAULT '0000-00-00 00:00:00',
  `updated_at` timestamp NOT NULL DEFAULT '0000-00-00 00:00:00',
  PRIMARY KEY (`id`)
) ENGINE=InnoDB AUTO_INCREMENT=2 DEFAULT CHARSET=utf8 COLLATE=utf8_unicode_ci;
/*!40101 SET character_set_client = @saved_cs_client */;

--
-- Dumping data for table `dbzsets`
--

LOCK TABLES `dbzsets` WRITE;
/*!40000 ALTER TABLE `dbzsets` DISABLE KEYS */;
INSERT INTO `dbzsets` VALUES (1,'Set 1','2014-11-04 16:37:42','2014-11-04 16:37:42');
/*!40000 ALTER TABLE `dbzsets` ENABLE KEYS */;
UNLOCK TABLES;

--
-- Table structure for table `dbzstyles`
--

DROP TABLE IF EXISTS `dbzstyles`;
/*!40101 SET @saved_cs_client     = @@character_set_client */;
/*!40101 SET character_set_client = utf8 */;
CREATE TABLE `dbzstyles` (
  `id` int(10) unsigned NOT NULL AUTO_INCREMENT,
  `title` varchar(255) COLLATE utf8_unicode_ci NOT NULL,
  `created_at` timestamp NOT NULL DEFAULT '0000-00-00 00:00:00',
  `updated_at` timestamp NOT NULL DEFAULT '0000-00-00 00:00:00',
  PRIMARY KEY (`id`)
) ENGINE=InnoDB AUTO_INCREMENT=8 DEFAULT CHARSET=utf8 COLLATE=utf8_unicode_ci;
/*!40101 SET character_set_client = @saved_cs_client */;

--
-- Dumping data for table `dbzstyles`
--

LOCK TABLES `dbzstyles` WRITE;
/*!40000 ALTER TABLE `dbzstyles` DISABLE KEYS */;
INSERT INTO `dbzstyles` VALUES (1,'Black','2014-11-04 16:37:42','2014-11-04 16:37:42'),(2,'Blue','2014-11-04 16:37:42','2014-11-04 16:37:42'),(3,'Namekian','2014-11-04 16:37:42','2014-11-04 16:37:42'),(4,'Orange','2014-11-04 16:37:42','2014-11-04 16:37:42'),(5,'Red','2014-11-04 16:37:42','2014-11-04 16:37:42'),(6,'Saiyan','2014-11-04 16:37:42','2014-11-04 16:37:42'),(7,'Freestyle','2014-11-04 16:37:42','2014-11-04 16:37:42');
/*!40000 ALTER TABLE `dbzstyles` ENABLE KEYS */;
UNLOCK TABLES;

--
-- Table structure for table `dbztypes`
--

DROP TABLE IF EXISTS `dbztypes`;
/*!40101 SET @saved_cs_client     = @@character_set_client */;
/*!40101 SET character_set_client = utf8 */;
CREATE TABLE `dbztypes` (
  `id` int(10) unsigned NOT NULL AUTO_INCREMENT,
  `title` varchar(255) COLLATE utf8_unicode_ci NOT NULL,
  `created_at` timestamp NOT NULL DEFAULT '0000-00-00 00:00:00',
  `updated_at` timestamp NOT NULL DEFAULT '0000-00-00 00:00:00',
  PRIMARY KEY (`id`)
) ENGINE=InnoDB AUTO_INCREMENT=10 DEFAULT CHARSET=utf8 COLLATE=utf8_unicode_ci;
/*!40101 SET character_set_client = @saved_cs_client */;

--
-- Dumping data for table `dbztypes`
--

LOCK TABLES `dbztypes` WRITE;
/*!40000 ALTER TABLE `dbztypes` DISABLE KEYS */;
INSERT INTO `dbztypes` VALUES (1,'Ally','2014-11-04 16:37:42','2014-11-04 16:37:42'),(2,'Dragon Ball','2014-11-04 16:37:42','2014-11-04 16:37:42'),(3,'Drill','2014-11-04 16:37:42','2014-11-04 16:37:42'),(4,'Setup','2014-11-04 16:37:42','2014-11-04 16:37:42'),(5,'Event','2014-11-04 16:37:42','2014-11-04 16:37:42'),(6,'Energy Combat','2014-11-04 16:37:42','2014-11-04 16:37:42'),(7,'Physical Combat','2014-11-04 16:37:42','2014-11-04 16:37:42'),(8,'Main Personality','2014-11-04 16:37:42','2014-11-04 16:37:42'),(9,'Mastery','2014-11-04 16:37:42','2014-11-04 16:37:42');
/*!40000 ALTER TABLE `dbztypes` ENABLE KEYS */;
UNLOCK TABLES;

--
-- Table structure for table `images`
--

DROP TABLE IF EXISTS `images`;
/*!40101 SET @saved_cs_client     = @@character_set_client */;
/*!40101 SET character_set_client = utf8 */;
CREATE TABLE `images` (
  `id` int(10) unsigned NOT NULL AUTO_INCREMENT,
  `category_id` int(10) unsigned NOT NULL,
  `title` varchar(255) COLLATE utf8_unicode_ci NOT NULL,
  `filename` varchar(255) COLLATE utf8_unicode_ci NOT NULL,
  `created_at` timestamp NOT NULL DEFAULT '0000-00-00 00:00:00',
  `updated_at` timestamp NOT NULL DEFAULT '0000-00-00 00:00:00',
  PRIMARY KEY (`id`),
  KEY `images_category_id_index` (`category_id`),
  CONSTRAINT `images_category_id_foreign` FOREIGN KEY (`category_id`) REFERENCES `categories` (`id`) ON DELETE CASCADE
) ENGINE=InnoDB AUTO_INCREMENT=42 DEFAULT CHARSET=utf8 COLLATE=utf8_unicode_ci;
/*!40101 SET character_set_client = @saved_cs_client */;

--
-- Dumping data for table `images`
--

LOCK TABLES `images` WRITE;
/*!40000 ALTER TABLE `images` DISABLE KEYS */;
INSERT INTO `images` VALUES (1,2,'Brolly','brolly1.jpg','2014-10-28 00:42:24','2014-10-28 00:42:24'),(2,2,'Frieza','frieza1.jpg','2014-10-28 00:42:24','2014-10-28 00:42:24'),(3,2,'Frieza\'s Supernova','frieza2.jpg','2014-10-28 00:42:24','2014-10-28 00:42:24'),(4,2,'God Goku','godgoku1.jpg','2014-10-28 00:42:24','2014-10-28 00:42:24'),(5,2,'Gohan vs Frieza','gohan1.jpg','2014-10-28 00:42:24','2014-10-28 00:42:24'),(6,2,'Gohan vs Cell','gohanvcell.jpg','2014-10-28 00:42:24','2014-10-28 00:42:24'),(7,2,'Goku','goku.jpg','2014-10-28 00:42:24','2014-10-28 00:42:24'),(8,2,'Goku vs Vegeta','gokuvsvegeta1.jpg','2014-10-28 00:42:24','2014-10-28 00:42:24'),(9,2,'Goten & Trunks','gotentrunks.jpg','2014-10-28 00:42:24','2014-10-28 00:42:24'),(10,2,'Goku Kaioken 1','kaioken.jpg','2014-10-28 00:42:24','2014-10-28 00:42:24'),(11,2,'Goku Kaioken 2','kaioken2.jpg','2014-10-28 00:42:24','2014-10-28 00:42:24'),(12,2,'Krillin','krillin1.jpg','2014-10-28 00:42:24','2014-10-28 00:42:24'),(13,2,'Krillin Down','krillindown.jpg','2014-10-28 00:42:24','2014-10-28 00:42:24'),(14,2,'Piccolo','piccolo1.jpg','2014-10-28 00:42:24','2014-10-28 00:42:24'),(15,2,'Gray Saiyaman','sayaman1.jpg','2014-10-28 00:42:24','2014-10-28 00:42:24'),(16,2,'Special Beam Cannon','sbc1.jpg','2014-10-28 00:42:24','2014-10-28 00:42:24'),(17,2,'Goku Spirit Bomb','spiritbomb.jpg','2014-10-28 00:42:24','2014-10-28 00:42:24'),(18,2,'Gohan SS2','ss2gohan.jpg','2014-10-28 00:42:24','2014-10-28 00:42:24'),(19,2,'Future Trunks','trunks1.jpg','2014-10-28 00:42:24','2014-10-28 00:42:24'),(20,2,'Future Trunks 2','trunks2.jpg','2014-10-28 00:42:24','2014-10-28 00:42:24'),(21,2,'Vegeta','vegeta.jpg','2014-10-28 00:42:24','2014-10-28 00:42:24'),(22,2,'Vegeta Scouter','vegeta2.jpg','2014-10-28 00:42:24','2014-10-28 00:42:24'),(23,2,'Z-Warriors Freiza Saga','zwarriors1.jpg','2014-10-28 00:42:24','2014-10-28 00:42:24'),(24,3,'Chewbacca','chewbacca1.jpg','2014-10-28 00:42:24','2014-10-28 00:42:24'),(25,3,'Counterstroke','counterstroke.jpg','2014-10-28 00:42:24','2014-10-28 00:42:24'),(26,3,'Force Ghost 1','forceghost.jpg','2014-10-28 00:42:24','2014-10-28 00:42:24'),(27,3,'Force Ghost 2','forceghost2.jpg','2014-10-28 00:42:24','2014-10-28 00:42:24'),(28,3,'Jedi Training','jedi1.jpg','2014-10-28 00:42:24','2014-10-28 00:42:24'),(29,3,'Lando Calrissian','lando1.jpg','2014-10-28 00:42:24','2014-10-28 00:42:24'),(30,3,'Leia Organa','leia1.jpg','2014-10-28 00:42:24','2014-10-28 00:42:24'),(31,3,'Leia on Endor','leia2.jpg','2014-10-28 00:42:24','2014-10-28 00:42:24'),(32,3,'Crix Madine','madine1.jpg','2014-10-28 00:42:24','2014-10-28 00:42:24'),(33,3,'Mara Jade 1','marajade1.jpg','2014-10-28 00:42:24','2014-10-28 00:42:24'),(34,3,'Mara Jade 2','marajade2.jpg','2014-10-28 00:42:24','2014-10-28 00:42:24'),(35,3,'Saber vs Stormtroopers','saber1.jpg','2014-10-28 00:42:24','2014-10-28 00:42:24'),(36,3,'Vader Rampage','vader1.jpg','2014-10-28 00:42:24','2014-10-28 00:42:24'),(37,3,'Yoda','yoda.jpg','2014-10-28 00:42:24','2014-10-28 00:42:24'),(38,4,'Echo','echo1.jpg','2014-10-28 00:42:24','2014-10-28 00:42:24'),(39,4,'Falcon','falcon1.jpg','2014-10-28 00:42:24','2014-10-28 00:42:24'),(40,4,'Rebel Transport','transport1.jpg','2014-10-28 00:42:24','2014-10-28 00:42:24'),(41,4,'Whisper','whisper1.jpg','2014-10-28 00:42:24','2014-10-28 00:42:24');
/*!40000 ALTER TABLE `images` ENABLE KEYS */;
UNLOCK TABLES;

--
-- Table structure for table `migrations`
--

DROP TABLE IF EXISTS `migrations`;
/*!40101 SET @saved_cs_client     = @@character_set_client */;
/*!40101 SET character_set_client = utf8 */;
CREATE TABLE `migrations` (
  `migration` varchar(255) COLLATE utf8_unicode_ci NOT NULL,
  `batch` int(11) NOT NULL
) ENGINE=InnoDB DEFAULT CHARSET=utf8 COLLATE=utf8_unicode_ci;
/*!40101 SET character_set_client = @saved_cs_client */;

--
-- Dumping data for table `migrations`
--

LOCK TABLES `migrations` WRITE;
/*!40000 ALTER TABLE `migrations` DISABLE KEYS */;
INSERT INTO `migrations` VALUES ('2013_02_04_151430_create_categories_table',1),('2013_02_04_151431_create_images_table',1),('2013_02_05_024934_confide_setup_users_table',1),('2013_02_05_043505_create_posts_table',1),('2013_02_05_044505_create_comments_table',1),('2013_02_08_031702_entrust_setup_tables',1),('2013_05_21_024934_entrust_permissions',1),('2014_10_26_172734_create_dbzcards_table',1);
/*!40000 ALTER TABLE `migrations` ENABLE KEYS */;
UNLOCK TABLES;

--
-- Table structure for table `password_reminders`
--

DROP TABLE IF EXISTS `password_reminders`;
/*!40101 SET @saved_cs_client     = @@character_set_client */;
/*!40101 SET character_set_client = utf8 */;
CREATE TABLE `password_reminders` (
  `email` varchar(255) COLLATE utf8_unicode_ci NOT NULL,
  `token` varchar(255) COLLATE utf8_unicode_ci NOT NULL,
  `created_at` timestamp NOT NULL DEFAULT '0000-00-00 00:00:00'
) ENGINE=InnoDB DEFAULT CHARSET=utf8 COLLATE=utf8_unicode_ci;
/*!40101 SET character_set_client = @saved_cs_client */;

--
-- Dumping data for table `password_reminders`
--

LOCK TABLES `password_reminders` WRITE;
/*!40000 ALTER TABLE `password_reminders` DISABLE KEYS */;
/*!40000 ALTER TABLE `password_reminders` ENABLE KEYS */;
UNLOCK TABLES;

--
-- Table structure for table `permission_role`
--

DROP TABLE IF EXISTS `permission_role`;
/*!40101 SET @saved_cs_client     = @@character_set_client */;
/*!40101 SET character_set_client = utf8 */;
CREATE TABLE `permission_role` (
  `id` int(10) unsigned NOT NULL AUTO_INCREMENT,
  `permission_id` int(10) unsigned NOT NULL,
  `role_id` int(10) unsigned NOT NULL,
  PRIMARY KEY (`id`),
  UNIQUE KEY `permission_role_permission_id_role_id_unique` (`permission_id`,`role_id`),
  KEY `permission_role_permission_id_index` (`permission_id`),
  KEY `permission_role_role_id_index` (`role_id`),
  CONSTRAINT `permission_role_role_id_foreign` FOREIGN KEY (`role_id`) REFERENCES `roles` (`id`) ON DELETE CASCADE,
  CONSTRAINT `permission_role_permission_id_foreign` FOREIGN KEY (`permission_id`) REFERENCES `permissions` (`id`) ON DELETE CASCADE
) ENGINE=InnoDB AUTO_INCREMENT=8 DEFAULT CHARSET=utf8 COLLATE=utf8_unicode_ci;
/*!40101 SET character_set_client = @saved_cs_client */;

--
-- Dumping data for table `permission_role`
--

LOCK TABLES `permission_role` WRITE;
/*!40000 ALTER TABLE `permission_role` DISABLE KEYS */;
INSERT INTO `permission_role` VALUES (1,1,1),(2,2,1),(3,3,1),(4,4,1),(5,5,1),(6,6,1),(7,6,2);
/*!40000 ALTER TABLE `permission_role` ENABLE KEYS */;
UNLOCK TABLES;

--
-- Table structure for table `permissions`
--

DROP TABLE IF EXISTS `permissions`;
/*!40101 SET @saved_cs_client     = @@character_set_client */;
/*!40101 SET character_set_client = utf8 */;
CREATE TABLE `permissions` (
  `id` int(10) unsigned NOT NULL AUTO_INCREMENT,
  `name` varchar(255) COLLATE utf8_unicode_ci NOT NULL,
  `display_name` varchar(255) COLLATE utf8_unicode_ci NOT NULL,
  PRIMARY KEY (`id`),
  UNIQUE KEY `permissions_name_unique` (`name`),
  UNIQUE KEY `permissions_display_name_unique` (`display_name`)
) ENGINE=InnoDB AUTO_INCREMENT=7 DEFAULT CHARSET=utf8 COLLATE=utf8_unicode_ci;
/*!40101 SET character_set_client = @saved_cs_client */;

--
-- Dumping data for table `permissions`
--

LOCK TABLES `permissions` WRITE;
/*!40000 ALTER TABLE `permissions` DISABLE KEYS */;
INSERT INTO `permissions` VALUES (1,'manage_blogs','manage blogs'),(2,'manage_posts','manage posts'),(3,'manage_comments','manage comments'),(4,'manage_users','manage users'),(5,'manage_roles','manage roles'),(6,'post_comment','post comment');
/*!40000 ALTER TABLE `permissions` ENABLE KEYS */;
UNLOCK TABLES;

--
-- Table structure for table `posts`
--

DROP TABLE IF EXISTS `posts`;
/*!40101 SET @saved_cs_client     = @@character_set_client */;
/*!40101 SET character_set_client = utf8 */;
CREATE TABLE `posts` (
  `id` int(10) unsigned NOT NULL AUTO_INCREMENT,
  `user_id` int(10) unsigned NOT NULL,
  `title` varchar(255) COLLATE utf8_unicode_ci NOT NULL,
  `slug` varchar(255) COLLATE utf8_unicode_ci NOT NULL,
  `category_id` int(10) unsigned NOT NULL,
  `image_id` int(10) unsigned DEFAULT NULL,
  `content` text COLLATE utf8_unicode_ci NOT NULL,
  `meta_title` varchar(255) COLLATE utf8_unicode_ci NOT NULL,
  `meta_description` varchar(255) COLLATE utf8_unicode_ci NOT NULL,
  `meta_keywords` varchar(255) COLLATE utf8_unicode_ci NOT NULL,
  `created_at` timestamp NOT NULL DEFAULT '0000-00-00 00:00:00',
  `updated_at` timestamp NOT NULL DEFAULT '0000-00-00 00:00:00',
  PRIMARY KEY (`id`),
  KEY `posts_user_id_index` (`user_id`),
  KEY `posts_category_id_index` (`category_id`),
  KEY `posts_image_id_index` (`image_id`),
  CONSTRAINT `posts_image_id_foreign` FOREIGN KEY (`image_id`) REFERENCES `images` (`id`) ON DELETE CASCADE,
  CONSTRAINT `posts_category_id_foreign` FOREIGN KEY (`category_id`) REFERENCES `categories` (`id`) ON DELETE CASCADE,
  CONSTRAINT `posts_user_id_foreign` FOREIGN KEY (`user_id`) REFERENCES `users` (`id`) ON DELETE CASCADE
) ENGINE=InnoDB AUTO_INCREMENT=4 DEFAULT CHARSET=utf8 COLLATE=utf8_unicode_ci;
/*!40101 SET character_set_client = @saved_cs_client */;

--
-- Dumping data for table `posts`
--

LOCK TABLES `posts` WRITE;
/*!40000 ALTER TABLE `posts` DISABLE KEYS */;
INSERT INTO `posts` VALUES (1,1,'We\'re back!','were-back',1,23,'Our friends over at <a target=\"_blank\" rel=\"nofollow\" href=\"http://retrodbzccgcom.fatcow.com/\">RetroDBZccg</a> did everyone a favor and used their Dragonball powers to help convince <a target=\"_blank\" rel=\"nofollow\" href=\"http://paniniamericadbz.wordpress.com/\">Panini America</a> to&nbsp;resurrect everyone\'s favorite CCG. And what would a DBZ card game be without DBZ Fanatics and the Fanatics Gaming Network?<br><br>Dez and I are hard at work getting features and content ready for the site. By the end of the week we will have a full-featured online deck builder available with interactive card references. Best of all, it will be mobile friendly and optimized for viewing on Android and iOS platforms!<br>Shortly after that milestone, we will get the integrated forum features set up. That task is a little more time intensive, so Richie and the gang have set up shop over at z<a target=\"_blank\" rel=\"nofollow\" href=\"http://z-warriors.com/\">-warriors.com</a>!<br><br>We also have an online events system coming down the pipeline so everyone can broadcast their tournaments and organized play events. As always, FGN is community driven, and we want to make sure the community has the tools to communicate, collaborate, and be their generally awesome selves.<br><br>Finally, after all the features are sorted out for DBZ, we will expand the network with a focus on the LCGs and Miniature games from Fantasy Flight Games, including Star Wars LCG, Warhammer 40,000: Conquest, and X-Wing Miniatures!<br><br>If you have an interest in writing content for the site, hit us up on <a target=\"_blank\" rel=\"nofollow\" href=\"https://www.facebook.com/fanaticsgamingnetwork\">FaceBook</a>!','FGN - Fanatics Gaming Network is back!','DBZ Fanatics is back and ready to help the community for the Dragonball Z Card Game become as epic as it was under Score!','FGN, Fanatics Gaming Network, DBZ Fanatics, DBZ Card Game, Panini America','2014-10-28 00:42:24','2014-10-28 00:42:24'),(2,1,'Deck Tech: Namekian Piccolo','deck-tech-namekian-piccolo',2,16,'When I saw the demo decks and realized how Namekian style decks could use Dragon Balls as a resource as well as a win condition, I was instantly hooked on the playstyle. Add in it\'s awesome rejuvenation abilities and consistent anger gain, and a powerhouse of an archetype was born: Namekian Triple Threat.<br><br>Let\'s start off with the deck as I currently have it, though I\'m constantly tweaking, testing, and evolving as the local meta develops.<br><br>Personality:<br><ul><li>Piccolo, Stoic (Level 1)</li><li>Piccolo, Combat Stance (Level 2)</li><li>Piccolo, Unleashed (Level 3)</li><li>Piccolo, Fused (Level 4)</li></ul>Mastery:<br><ul><li>Namekian Knowledge Mastery</li></ul>Dragon Balls:<br><ul><li>1x Namekian Dragon Ball 1</li><li>1x Namekian Dragon Ball 2</li><li>1x Namekian Dragon Ball 3</li><li>1x Namekian Dragon Ball 4</li><li>1x Namekian Dragon Ball 5</li><li>1x Namekian Dragon Ball 6</li><li>1x Namekian Dragon Ball 7</li></ul>Setups:<br><ul><li>1x Namekian Dragon Clan</li><li>1x Namekian Wish</li><li>1x Dragon Radar</li></ul>Events:<br><ul><li>3x Namekian Hybrid Defense</li><li>3x Namekian Overtime</li><li>1x Time is a Warrior\'s Tool</li></ul>Physical Combats:<br><ul><li>3x Namekian Chop</li><li>3x Namekian Crushing Slam</li><li>3x Namekian Right Throw</li><li>3x Namekian Knee Block</li><li>2x Namekian Flinch</li></ul>Energy Combats:<br><ul><li>2x Namekian Stance</li><li>3x Namekian Energy Guard</li><li>3x Namekian Palm Shots</li><li>3x Namekian Energy Toss</li><li>3x Namekian Double Strike</li><li>3x Namekian Dragon Blast</li><li>3x Namekian Targeted Strike</li><li>3x Namekian Planned Attack</li><li>3x Namekian Finger Lasers</li><li>3x Piccolo\'s Special Beam Cannon</li></ul>What you will notice about this deck, if you look at the attacks chosen, is that your Dragon Balls are your greatest resource. You have a lot of ways to get them out (Planned Attck, Dragon Radar, Dragon Clan, Flinch), but also methods of getting them off the table so that the opponent cannot use their effects against you, or to fuel other effects. My personal favorite is Namekian Right Throw on my own Dragon ball for a 3 anger gain.<br><br>I have found that in most cases the deck is fine taking its time to set the hand up. Rushing into combat can work from time to time, but carefully weighing your options, and setting up the discard pile for rejuvenation can be very important, such as Namekian Knee Block for the extra anger gain.<br><br>I\'ve found this deck wins by MPPV quite a lot, with Survival being right up there due to decent Endurance and Rejuvenation. I\'ve had a couple of Dragon Ball victories, but the deck works so much better once you start using those giant orange orbs to fuel your card effects.<br><br>The cards you will definitely love seeing in your hand almost any time are Namekian Hybrid Defense and&nbsp;, Namekian Overtime. The dual block is great, but as you get closer to MPPV you rejuvenate more cards and can quickly turn a lot of games around. Overtime is so huge for grabbing a defense or any of the special attacks when you need one of the specific triggers. The combos and consistency abound.<br><br>For the other big deck out there (Blue Ginyu) you don\'t have a lot of effects outside of critical to deal with allies, so once he gets to Level 3, the game gets a lot harder. Special Beam Cannon early to target allies is your goal. If you\'re confident in your ability to crit often before he gets to 3, Devastating Blow is also great for banishing them from the discard pile. I don\'t have it in this specific version of the deck, but I could easily see myself swapping Namekian Energy Tosses for some if the meta requires. It\'s a great dual purpose card because it hits opposing anger decks too, though I find I get enough critical effects that that isn\'t an issue so far.<br><br>Overall this is a deck with a lot of interactions that is a ton of fun to play. I love Namekian for its ability to open up the 3rd win condition. A few other decks can get close, but this, I feel, is the deck with the most consistent chance at all 3.<br><br>I look forward to hearing what you all think and seeing where the meta and this deck evolve over time!','Namekian Piccolo','Namekian style deck with Piccolo as the Main Personality. Built for Panini America\'s DBZ Card Game!','DBZ, DBZ CCG, DBZ Fanatics, DBZ Card Game, Namekian, Piccolo, Panini America, PanZ','2014-10-28 04:54:12','2014-10-30 19:15:53'),(3,1,'Deck Tech: Black Krillin','deck-tech-black-krillin',2,12,'<p>When Panini released the starter decks, they tried to show us which personalities would classically represent each style. For that reason, my first 6 Deck Tech articles will cover decks built with these combinations. The first deck was Namekian Piccolo. Now I give you: Black Krillin.</p><p>While he is not the most powerful member of the Z Warriors, Krillin doesn\'t back down and uses strategy and wits to make his impact. For that reason, Black style fits him like a glove. Solar Flare, Destructo Disk and his level 1 power all synergize extremely well with the Mastery. Let\'s take a look:</p><p>Main Personality:</p>\r\n<ul><li>1x P4 Krillin, Ready (Level 1)</li><li>1x S14 Krillin, Energetic (Level 2)</li><li>1x S15 Krillin, Ready for Battle (Level 3)</li><li>1x S16 Krillin, Enraged (Level 4)</li></ul>\r\n<p>Mastery:<br></p>\r\n<ul><li>1x S28 Black Devious Mastery</li></ul>\r\n<p>Allies (1):<br></p>\r\n<ul><li>1x U68 Bulma, Genius</li></ul>\r\n<p>Drills (3):<br></p>\r\n<ul><li>1x U114 Quickness Drill</li><li>2x S96 Black Smoothness Drill</li></ul>\r\n<p>Setups (8):</p>\r\n<ul><li>3x S31 Black Power Up</li><li>3x U73 Black Searching Technique</li><li>2x U107 Visiting the Past</li></ul>\r\n<p>Events (13):</p>\r\n<ul><li>3x R124 Black Disorienting Blow</li><li>3x R125 Black Reflection</li><li>3x R128 Black Scout Maneuver</li><li>3x R150 Confrontation</li><li>1x R152 Time is a Warrior’s Tool</li></ul>\r\n<p>Energy Combats (24):<br></p>\r\n<ul><li>3x S110 Black Energy Toss</li><li>3x S111 Black Interceptor Barrage</li><li>3x S112 Black Energy Web</li><li>3x U74 Black Adaptation</li><li>2x S123 Black Speedy Dodge</li><li>3x U113 Overpowering Attack</li><li>2x U118 Krillin’s Solar Flare</li><li>3x R157 Krillin’s Destructo Disk</li><li>2x U109 Blinding Energy Move</li></ul>\r\n<p>Physical Combats (11):</p>\r\n<ul><li>3x S73 Black Side Thrust</li><li>3x S71 Black Defensive Burst</li><li>3x S85 Black Finger Block</li><li>2x U76 Black Delay</li></ul>\r\n<p>Black Krillin is all about patience and control. We are using the promo version of Krillin from San Diego Comic-Con because he lacks the anger gain that the starter version has. This is great, because it allows us to use critical effects precisely when needed. Because we want to stay on level 1 as long as possible, many great cards that have anger gain are not included in the deck. A savvy opponent will do everything in his power to get you up to Level 2 so your control elements are made a little weaker.<br></p>\r\n<p>This deck requires a great knowledge of other cards in the game and the ability to read into your opponent’s deck through his Personality/Mastery Combo and other cards that you see throughout the game. Fortunately, you have several cards that give you an opportunity to take a look for yourself.<br></p>\r\n<p>The name of the game is threat removal. You have many abilities at your disposal to disrupt hands, or to discard/banish cards straight from the opponent’s life deck. Furthermore, your mastery is tailored to preventing recursion by removing effects straight from the opponent’s discard pile.<br></p>\r\n<p>This deck only runs 11 dedicated stops, but it has attacks that can prevent further attacks and has 7 cards capable of ending combat (5 of which are next to impossible to prevent). The goal here is not to beat the opponent into submission, but to pick apart his defenses, take away his toys, and hit just a few times to really cripple his capabilities.<br></p>\r\n<p>The Black style has a lot of room for tweaking and customization. It is probably the most well-rounded style in the first set. You could change out 1/4 of your black deck to customize for a personal playstyle and still have a consistent and capable deck. With that in mind there are some cards that could be great if the meta warrants it. My personal favorite for first inclusion is Namek Dragon Ball 2. This helpful orb can bring you back down to level 1 when the opponent skyrockets you up, or can be used very effectively vs Ginyu to keep his allies vulnerable and give you the opportunity to get them in the discard/banished zones properly.<br></p>\r\n<p>Black pairs up well with almost every personality in some form, but Krillin loves it because it protects his weaker physical stature. I’d love to hear how the rest of the community is using this archetype.<br></p>','Black Krillin','Black style deck with Krillin as the Main Personality. Built for Panini America\'s DBZ Card Game!','DBZ, DBZ CCG, DBZ Fanatics, DBZ Card Game, Namekian, Piccolo, Panini America, PanZ','2014-10-30 19:16:05','2014-10-30 19:21:51');
/*!40000 ALTER TABLE `posts` ENABLE KEYS */;
UNLOCK TABLES;

--
-- Table structure for table `roles`
--

DROP TABLE IF EXISTS `roles`;
/*!40101 SET @saved_cs_client     = @@character_set_client */;
/*!40101 SET character_set_client = utf8 */;
CREATE TABLE `roles` (
  `id` int(10) unsigned NOT NULL AUTO_INCREMENT,
  `name` varchar(255) COLLATE utf8_unicode_ci NOT NULL,
  `created_at` timestamp NOT NULL DEFAULT '0000-00-00 00:00:00',
  `updated_at` timestamp NOT NULL DEFAULT '0000-00-00 00:00:00',
  PRIMARY KEY (`id`)
) ENGINE=InnoDB AUTO_INCREMENT=3 DEFAULT CHARSET=utf8 COLLATE=utf8_unicode_ci;
/*!40101 SET character_set_client = @saved_cs_client */;

--
-- Dumping data for table `roles`
--

LOCK TABLES `roles` WRITE;
/*!40000 ALTER TABLE `roles` DISABLE KEYS */;
INSERT INTO `roles` VALUES (1,'admin','2014-10-28 00:42:24','2014-10-28 00:42:24'),(2,'comment','2014-10-28 00:42:24','2014-10-28 00:42:24');
/*!40000 ALTER TABLE `roles` ENABLE KEYS */;
UNLOCK TABLES;

--
-- Table structure for table `users`
--

DROP TABLE IF EXISTS `users`;
/*!40101 SET @saved_cs_client     = @@character_set_client */;
/*!40101 SET character_set_client = utf8 */;
CREATE TABLE `users` (
  `id` int(10) unsigned NOT NULL AUTO_INCREMENT,
  `username` varchar(255) COLLATE utf8_unicode_ci NOT NULL,
  `email` varchar(255) COLLATE utf8_unicode_ci NOT NULL,
  `password` varchar(255) COLLATE utf8_unicode_ci NOT NULL,
  `confirmation_code` varchar(255) COLLATE utf8_unicode_ci NOT NULL,
  `remember_token` varchar(255) COLLATE utf8_unicode_ci DEFAULT NULL,
  `profile_image` varchar(255) COLLATE utf8_unicode_ci DEFAULT NULL,
  `confirmed` tinyint(1) NOT NULL DEFAULT '0',
  `created_at` timestamp NOT NULL DEFAULT '0000-00-00 00:00:00',
  `updated_at` timestamp NOT NULL DEFAULT '0000-00-00 00:00:00',
  PRIMARY KEY (`id`),
  UNIQUE KEY `users_username_unique` (`username`),
  UNIQUE KEY `users_email_unique` (`email`)
) ENGINE=InnoDB AUTO_INCREMENT=27 DEFAULT CHARSET=utf8 COLLATE=utf8_unicode_ci;
/*!40101 SET character_set_client = @saved_cs_client */;

--
-- Dumping data for table `users`
--

LOCK TABLES `users` WRITE;
/*!40000 ALTER TABLE `users` DISABLE KEYS */;
INSERT INTO `users` VALUES (1,'RayJ','therayj@yahoo.com','$2y$10$/XomDrsT1xxejj283FkgoOMI1Kj85R/RyCoK51Rv9.GrFMFt9VZGq','c13ca802b9f6bf35e0be907def2b61e3','Zqva5IqNPKidjIfaWCnX4974rqbhliOe4HVYkiW7DuLEjiOGTDVOEdlijrHe','/assets/img/profile/dbzfanatics.jpg',1,'2014-10-28 00:42:23','2014-10-28 08:46:03'),(2,'Dez','brian_valdez@yahoo.com','$2y$10$pLWkLCVs.hdDHJvPoJCcpOmZG4mHyMU5oiPyaYcu2J4cqH/2z5aP6','4a397d433c18672f7d8b79ec5e9ace42',NULL,NULL,1,'2014-10-28 00:42:24','2014-10-28 00:42:24'),(3,'user','user@example.org','$2y$10$MvyO4gcznWsisVNOI8KXGurZkoU2Q9bzDLM1AmWqe8lEKV8yvqqIa','a20d602aeea89d8bace4f8edcae06300',NULL,NULL,1,'2014-10-28 00:42:24','2014-10-28 00:42:24'),(10,'Fallnor','fallnor1@yahoo.com','$2y$10$U6vq6eUwUZHYvnvJChsGS.Nz7aFIBKTPpMTTFANaCfMRO4NZNuZB6','9e30a8f5f03106a5e3a418d7c8e3720b','AAjDcFVeDfZtDQFzUARij1aBFZxWl9Rb9JraJHKNdvUYknUQvkT5tfqZ6bJN',NULL,1,'2014-10-28 07:12:27','2014-10-28 07:13:32'),(11,'FallenTurtle','xavierosbourne@yahoo.com','$2y$10$N316l5CDk.yqQbVn3Nm0gegHRbV8kiNPKi63QEYqxrOopB7/rZy02','e59e99a1ab6f58d34530b7d0e968a830','SlRvgwpRy5u3dOrvzUktfjLy1Wf0qBeSFOxKjcXSdlRiPhmrpicoIXcvgpt8',NULL,1,'2014-10-28 07:24:22','2014-10-28 07:27:18'),(12,'hawk51885','billy.d51885@gmail.com','$2y$10$iTMqI/PTfy5Hf2X8cRmDd.NNRZqHv/jS3jGTu7/xs2IbbO.boMeri','9a24975f522dd2df4e15416e22912322','vq5wNrekrh9aeQEra1OXFIPwGNbHUHMy3TZvMBsRBNjc097wxicUKxnlTKpK','http://a.deviantart.net/avatars/h/a/hawk51885.gif',1,'2014-10-28 08:01:17','2014-10-28 08:15:11'),(16,'luthhero','allentbaltezore@gmail.com','$2y$10$kEX8DhoLCSWbR/uz4kNEYuFqJCbSZBQcBULEwbThv5eW8kZ2t1ZHi','33b39638c50066b641b58207f7e2698d',NULL,NULL,1,'2014-10-28 18:38:15','2014-10-28 18:38:15'),(17,'raith','raithos@gmail.com','$2y$10$17EWwqB30PzlvhY3rxt/0OJj7vYk0C0mzEyA2YYA3dX7Cx6qeqNRe','fa898d829ff06ae80a604b145bb8353d','nN2LFxWEWnmvcotLfuwVsJvWJobkb2UblOJDYtToafqa9E42G0qRmt06Ao3J',NULL,1,'2014-10-28 22:38:00','2014-10-28 22:39:28'),(18,'sweet_insanity','sspelzel@gmail.com','$2y$10$mWdqYzrESVosU1jcHxtMKuKEKaCIRLVDlc5.gZoHVuzcs8Ut1FhOi','615344886009ecdadd6e6fd6fd848c6f',NULL,NULL,1,'2014-10-29 08:41:02','2014-10-29 08:41:02'),(19,'GokuNimbus','zack.buck4@gmail.com','$2y$10$JjbR9hgqcPm2z5EBqoSr0eu/WLs2Q07XxBndPXRcknCNJf0xWL.nC','336e8de5069a374c822d1dd5ece5f6e4',NULL,NULL,1,'2014-10-30 00:01:57','2014-10-30 00:01:57'),(20,'AOvalrylolve','guitarplayer3mn@gmail.com','$2y$10$CeV4KK7pe1nKZO9SYn3unetisXTUD35PJ257dUYLaDl5PRRplIRXy','f05d29e50a4c4f6f97ebbeb5299227c7',NULL,NULL,0,'2014-10-31 01:33:22','2014-10-31 01:33:22'),(21,'insawiciamn','xr0402@uggbuystorejp.com','$2y$10$LT0UwhoXjjl3XefEDgRUDO/r5nVDONgcam2fw74MJNnhjMaIoMI02','0ac7fab7fc8d0d3e9ee880d077fc9d12',NULL,NULL,0,'2014-10-31 03:23:07','2014-10-31 03:23:07'),(22,'ryan','ryan.mp3@gmail.com','$2y$10$kUy9Kb0p5hriBDAsHXXUBOnMzQpyuY2E4XR0V8H3E9gfNVEr.koy2','ace738ef9f22e52ec57476dc609f6295',NULL,NULL,1,'2014-10-31 08:35:02','2014-10-31 08:35:02'),(23,'kirilKa','mazaka@pupsan.myjino.ru','$2y$10$7hDjr4beza/BxoX.qFt.g.M4PXQHNCBcrTXT9uaNr0FHKzAo08Iam','9a64caf4deab74bbfdf9731affc37be9',NULL,NULL,0,'2014-11-01 08:50:58','2014-11-01 08:50:58'),(24,'unlinyday','xr0303@pumashopkutujp.com','$2y$10$qj9z.uEGG/6LXPC4EyLIoeQBDGWoYIGOmLGcBYHvweMlO.tpAfwmS','8f662601dc0e0f86e6ee9516b659634a',NULL,NULL,0,'2014-11-01 10:55:13','2014-11-01 10:55:13'),(25,'AnnAFeeN','dzejkub_spammer@o2.pl','$2y$10$9kWNkeeuz3L.O0.pVUMhgO3o7DxT4mX04Ik5jWnM4mx9KZ4Jq.cji','d7c26bb5a131d3835a58ee384e026b7f',NULL,NULL,0,'2014-11-01 20:06:09','2014-11-01 20:06:09'),(26,'Noobiablos','gjcoggin@yahoo.com','$2y$10$xAC8QXUwgVkLNEK9.ZZ4L./qRiXTAXdrmLEVv5OCNTgRvB4EcLBO2','2101d05cd27caa14a5c510d30fba7f16','skIrc4o1JeY4mBtaAIPfVeXAVkw3ApIVleyYU9crvMZXg2bTan4XDgavIawh',NULL,1,'2014-11-02 11:41:26','2014-11-02 11:43:50');
/*!40000 ALTER TABLE `users` ENABLE KEYS */;
UNLOCK TABLES;
/*!40103 SET TIME_ZONE=@OLD_TIME_ZONE */;

/*!40101 SET SQL_MODE=@OLD_SQL_MODE */;
/*!40014 SET FOREIGN_KEY_CHECKS=@OLD_FOREIGN_KEY_CHECKS */;
/*!40014 SET UNIQUE_CHECKS=@OLD_UNIQUE_CHECKS */;
/*!40101 SET CHARACTER_SET_CLIENT=@OLD_CHARACTER_SET_CLIENT */;
/*!40101 SET CHARACTER_SET_RESULTS=@OLD_CHARACTER_SET_RESULTS */;
/*!40101 SET COLLATION_CONNECTION=@OLD_COLLATION_CONNECTION */;
/*!40111 SET SQL_NOTES=@OLD_SQL_NOTES */;

-- Dump completed on 2014-11-04 11:02:47
